ISO,Country,Data source,Sector,Gas,Unit,2020,2019,2018,2017,2016,2015,2014,2013,2012,2011,2010,2009,2008,2007,2006,2005,2004,2003,2002,2001,2000,1999,1998,1997,1996,1995,1994,1993,1992,1991,1990,Pays,Alpha-2 code,Numeric code,Latitude (average),Longitude (average)
AFG,Afghanistan,Climate Watch,Bunker Fuels,All GHG,MtCO₂e,0.02,0.03,0.17,0.19,0.07,0.09,0.18,0.19,0.28,0.98,0.35,0.24,0.16,0.11,0.08,0.07,0.03,0.03,0.02,0.02,0.02,0.02,0.02,0.02,0.02,0.02,0.02,0.02,0.02,0.02,0.02,Afghanistan,AF,4.0,33.0,65.0
AGO,Angola,Climate Watch,Bunker Fuels,All GHG,MtCO₂e,1.41,1.98,2.0,2.04,2.04,2.59,2.52,1.93,2.18,1.39,1.56,1.2,1.32,1.23,0.82,0.92,1.31,0.81,1.34,1.56,1.44,1.2,0.69,1.07,1.06,1.22,1.35,0.95,0.84,0.92,1.06,Angola,AO,24.0,-12.5,18.5
ALB,Albania,Climate Watch,Bunker Fuels,All GHG,MtCO₂e,0.15,0.16,0.12,0.14,0.13,0.07,0.09,0.13,0.06,0.06,0.05,0.06,0.08,0.06,0.14,0.18,0.15,0.15,0.13,0.13,0.12,0.11,0.0,0.0,0.0,0.0,0.0,0.0,0.0,0.0,0.0,Albania,AL,8.0,41.0,20.0
ARE,United Arab Emirates,Climate Watch,Bunker Fuels,All GHG,MtCO₂e,66.06,75.7,75.58,76.87,79.43,75.72,65.24,60.93,60.08,57.91,54.62,51.42,59.27,56.54,51.61,47.09,45.52,40.25,35.66,37.78,40.04,42.14,43.97,44.17,43.48,44.12,44.22,41.05,40.22,40.36,29.36,United Arab Emirates,AE,784.0,24.0,54.0
ARG,Argentina,Climate Watch,Bunker Fuels,All GHG,MtCO₂e,1.61,4.92,5.68,5.68,5.17,5.78,7.81,8.54,8.34,7.19,6.62,5.5,5.59,5.21,4.63,4.6,3.98,4.11,3.88,4.26,3.77,4.13,4.12,4.39,4.28,3.55,2.87,2.66,3.11,2.77,3.63,Argentina,AR,32.0,-34.0,-64.0
ARM,Armenia,Climate Watch,Bunker Fuels,All GHG,MtCO₂e,0.12,0.22,0.2,0.17,0.14,0.1,0.13,0.14,0.15,0.14,0.13,0.09,0.17,0.17,0.12,0.14,0.12,0.08,0.16,0.18,0.19,0.07,0.07,0.06,0.06,0.11,0.15,0.2,0.47,0.68,0.6,Armenia,AM,51.0,40.0,45.0
ATG,Antigua and Barbuda,Climate Watch,Bunker Fuels,All GHG,MtCO₂e,0.1,0.22,0.22,0.22,0.22,0.22,0.22,0.21,0.22,0.21,0.2,0.23,0.23,0.23,0.22,0.22,0.22,0.21,0.21,0.21,0.21,0.21,0.21,0.21,0.21,0.21,0.2,0.19,0.19,0.19,0.19,Antigua and Barbuda,AG,28.0,17.05,-61.8
AUS,Australia,Climate Watch,Bunker Fuels,All GHG,MtCO₂e,13.91,17.74,16.17,15.35,14.33,13.53,14.17,13.0,12.97,11.99,12.49,11.31,12.3,12.0,11.63,11.02,10.08,8.86,8.85,10.73,10.31,9.92,9.58,9.21,9.21,8.7,7.88,7.48,6.9,6.53,6.55,Australia,AU,36.0,-27.0,133.0
AUT,Austria,Climate Watch,Bunker Fuels,All GHG,MtCO₂e,0.95,2.91,2.53,2.27,2.34,2.14,2.0,2.01,2.1,2.16,2.06,1.92,2.21,2.21,2.08,2.0,1.78,1.5,1.6,1.7,1.73,1.58,1.64,1.56,1.5,1.36,1.22,1.16,1.1,1.02,0.92,Austria,AT,40.0,47.3333,13.3333
AZE,Azerbaijan,Climate Watch,Bunker Fuels,All GHG,MtCO₂e,1.15,1.07,0.48,0.63,0.7,0.98,1.32,1.43,1.42,1.57,1.45,1.16,1.52,1.36,1.26,1.12,0.56,0.59,0.29,0.56,0.3,0.44,0.49,0.58,0.59,0.31,0.48,0.59,0.51,0.85,1.05,Azerbaijan,AZ,31.0,40.5,47.5
BDI,Burundi,Climate Watch,Bunker Fuels,All GHG,MtCO₂e,0.02,0.02,0.02,0.01,0.0,0.01,0.01,0.01,0.01,0.01,0.01,0.02,0.02,0.02,0.02,0.02,0.02,0.01,0.01,0.02,0.02,0.02,0.02,0.02,0.02,0.02,0.02,0.02,0.02,0.02,0.02,Burundi,BI,108.0,-3.5,30.0
BEL,Belgium,Climate Watch,Bunker Fuels,All GHG,MtCO₂e,24.0,31.8,35.28,29.14,25.95,23.21,21.54,23.92,23.77,26.44,28.94,26.72,35.41,34.12,30.6,28.4,28.84,28.02,25.63,21.13,21.93,19.53,21.56,19.93,17.75,15.4,15.67,16.39,16.14,16.37,16.2,Belgium,BE,56.0,50.8333,4.0
BEN,Benin,Climate Watch,Bunker Fuels,All GHG,MtCO₂e,0.05,0.07,0.1,0.1,0.11,0.12,0.13,0.13,0.16,0.14,0.47,0.28,0.13,0.08,0.07,0.03,0.08,0.11,0.06,0.06,0.07,0.1,0.1,0.05,0.07,0.07,0.06,0.06,0.05,0.05,0.05,Benin,BJ,204.0,9.5,2.25
BFA,Burkina Faso,Climate Watch,Bunker Fuels,All GHG,MtCO₂e,0.1,0.1,0.1,0.09,0.07,0.1,0.11,0.14,0.1,0.09,0.09,0.05,0.06,0.04,0.05,0.07,0.05,0.05,0.04,0.06,0.06,0.05,0.06,0.05,0.04,0.04,0.03,0.03,0.03,0.03,0.03,Burkina Faso,BF,854.0,13.0,-2.0
BGD,Bangladesh,Climate Watch,Bunker Fuels,All GHG,MtCO₂e,1.58,1.84,1.73,1.6,1.48,1.43,1.35,1.32,1.28,1.34,1.17,1.05,1.11,0.94,0.96,1.0,0.9,0.9,0.81,0.78,0.53,0.6,0.58,0.47,0.43,0.42,0.37,0.33,0.29,0.32,0.34,Bangladesh,BD,50.0,24.0,90.0
BGR,Bulgaria,Climate Watch,Bunker Fuels,All GHG,MtCO₂e,0.69,0.97,1.03,0.97,0.89,0.81,0.77,0.77,0.7,0.75,0.81,1.11,1.02,0.71,0.88,0.92,0.83,0.92,0.71,0.62,0.45,0.24,0.61,0.47,1.43,1.86,1.84,2.06,1.8,1.65,0.9,Bulgaria,BG,100.0,43.0,25.0
BHR,Bahrain,Climate Watch,Bunker Fuels,All GHG,MtCO₂e,0.99,1.68,1.6,1.52,1.46,1.47,1.34,1.35,1.84,1.95,2.06,2.13,2.14,1.88,1.88,1.75,1.64,1.48,1.32,1.21,1.13,1.06,1.11,0.77,1.08,1.16,1.11,0.97,0.97,1.06,1.45,Bahrain,BH,48.0,26.0,50.55
BHS,Bahamas,Climate Watch,Bunker Fuels,All GHG,MtCO₂e,0.19,0.29,0.3,0.3,0.16,0.43,0.58,0.59,0.69,0.58,0.65,0.48,0.95,0.72,0.67,0.63,0.66,0.71,0.66,0.67,0.65,0.64,0.62,0.61,0.61,0.6,0.59,0.6,0.59,0.6,0.61,Bahamas,BS,44.0,24.25,-76.0
BIH,Bosnia and Herzegovina,Climate Watch,Bunker Fuels,All GHG,MtCO₂e,0.01,0.03,0.02,0.03,0.03,0.02,0.01,0.01,0.02,0.02,0.02,0.02,0.02,0.02,0.02,0.02,0.02,0.02,0.02,0.02,0.03,0.12,0.12,0.12,0.12,0.11,0.11,0.09,0.05,0.06,0.08,Bosnia and Herzegovina,BA,70.0,44.0,18.0
BLR,Belarus,Climate Watch,Bunker Fuels,All GHG,MtCO₂e,0.33,0.58,0.45,0.39,0.37,0.34,0.34,0.31,0.0,0.0,0.0,0.0,0.0,0.0,0.0,0.0,0.0,0.0,0.0,0.0,0.0,0.0,0.0,0.0,0.0,0.0,0.0,0.0,0.0,0.0,0.0,Belarus,BY,112.0,53.0,28.0
BLZ,Belize,Climate Watch,Bunker Fuels,All GHG,MtCO₂e,0.03,0.08,0.05,0.05,0.05,0.05,0.04,0.04,0.04,0.04,0.04,0.05,0.05,0.05,0.07,0.07,0.07,0.06,0.06,0.05,0.09,0.07,0.07,0.05,0.04,0.03,0.04,0.03,0.05,0.05,0.04,Belize,BZ,84.0,17.25,-88.75
BOL,Bolivia,Climate Watch,Bunker Fuels,All GHG,MtCO₂e,0.08,0.21,0.2,0.2,0.19,0.19,0.18,0.17,0.13,0.19,0.17,0.16,0.16,0.15,0.18,0.18,0.16,0.16,0.15,0.14,0.16,0.0,0.0,0.0,0.0,0.0,0.0,0.0,0.0,0.0,0.0,"Bolivia, Plurinational State of",BO,68.0,-17.0,-65.0
BRA,Brazil,Climate Watch,Bunker Fuels,All GHG,MtCO₂e,15.12,18.13,16.9,17.56,17.86,20.75,18.75,18.01,19.01,20.29,18.76,16.98,19.28,15.76,14.6,14.51,13.63,13.53,13.77,12.32,11.38,10.79,8.33,8.07,6.67,5.81,5.7,4.82,4.06,3.98,3.19,Brazil,BR,76.0,-10.0,-55.0
BRB,Barbados,Climate Watch,Bunker Fuels,All GHG,MtCO₂e,0.2,0.48,0.35,0.43,0.39,0.41,0.41,0.41,0.36,0.45,0.41,0.43,0.51,0.47,0.53,0.55,0.57,0.59,0.61,0.65,0.67,0.55,0.53,0.57,0.44,0.4,0.37,0.27,0.3,0.36,0.36,Barbados,BB,52.0,13.1667,-59.5333
BRN,Brunei,Climate Watch,Bunker Fuels,All GHG,MtCO₂e,0.14,0.35,0.26,0.23,0.24,0.55,0.45,0.52,0.46,0.65,0.62,0.54,0.57,0.55,0.57,0.53,0.52,0.49,0.47,0.45,0.44,0.39,0.44,0.48,0.44,0.43,0.41,0.34,0.31,0.28,0.23,Brunei Darussalam,BN,96.0,4.5,114.6667
BTN,Bhutan,Climate Watch,Bunker Fuels,All GHG,MtCO₂e,0.01,0.01,0.01,0.01,0.01,0.01,0.01,0.01,0.01,0.0,0.0,0.0,0.0,0.0,0.0,0.0,0.0,0.0,0.0,0.0,0.0,0.0,0.0,0.0,0.0,0.0,0.0,0.0,0.0,0.0,0.0,Bhutan,BT,64.0,27.5,90.5
BWA,Botswana,Climate Watch,Bunker Fuels,All GHG,MtCO₂e,0.02,0.05,0.05,0.04,0.04,0.04,0.03,0.04,0.04,0.04,0.05,0.05,0.05,0.03,0.04,0.03,0.03,0.02,0.02,0.02,0.02,0.03,0.02,0.02,0.02,0.02,0.02,0.01,0.03,0.03,0.04,Botswana,BW,72.0,-22.0,24.0
CAF,Central African Republic,Climate Watch,Bunker Fuels,All GHG,MtCO₂e,0.05,0.05,0.05,0.05,0.05,0.05,0.03,0.03,0.03,0.03,0.03,0.03,0.03,0.04,0.04,0.04,0.05,0.05,0.05,0.05,0.05,0.05,0.05,0.05,0.05,0.05,0.05,0.05,0.05,0.05,0.05,Central African Republic,CF,140.0,7.0,21.0
CAN,Canada,Climate Watch,Bunker Fuels,All GHG,MtCO₂e,2.52,4.41,4.15,3.14,2.96,3.31,3.67,3.91,4.38,4.8,5.66,4.45,4.34,4.35,4.81,5.42,4.71,3.78,5.61,6.95,6.55,6.5,6.72,5.99,6.11,5.86,5.6,5.27,5.82,5.53,5.68,Canada,CA,124.0,60.0,-95.0
CHE,Switzerland,Climate Watch,Bunker Fuels,All GHG,MtCO₂e,2.07,5.63,5.58,5.31,5.14,4.92,4.76,4.67,4.65,4.58,4.27,4.08,4.25,3.97,3.78,3.58,3.5,3.67,4.02,4.54,4.69,4.44,4.26,4.08,3.91,3.74,3.59,3.37,3.19,2.96,3.11,Switzerland,CH,756.0,47.0,8.0
CHL,Chile,Climate Watch,Bunker Fuels,All GHG,MtCO₂e,1.34,2.64,2.47,2.31,2.19,2.13,2.63,2.58,2.69,2.94,2.86,3.99,5.34,5.24,5.22,4.44,4.21,3.91,3.24,3.26,3.05,2.45,2.29,1.79,1.51,1.79,1.7,1.35,1.23,1.19,1.16,Chile,CL,152.0,-30.0,-71.0
CHN,China,Climate Watch,Bunker Fuels,All GHG,MtCO₂e,54.42,69.46,69.26,62.11,57.6,53.69,45.03,45.09,47.62,47.41,43.89,36.23,33.61,34.37,30.99,26.63,22.91,17.19,17.55,15.67,13.93,10.96,10.74,10.22,12.54,11.28,10.93,9.9,11.38,7.33,5.7,China,CN,156.0,35.0,105.0
CIV,Côte d'Ivoire,Climate Watch,Bunker Fuels,All GHG,MtCO₂e,0.48,0.83,0.74,0.76,0.78,0.63,0.33,0.23,0.25,0.22,0.24,0.22,0.39,0.5,0.44,0.64,0.57,0.57,0.61,0.63,0.67,0.62,0.59,0.58,0.58,0.53,0.6,0.55,0.59,0.55,0.39,Côte d'Ivoire,CI,384.0,8.0,-5.0
CMR,Cameroon,Climate Watch,Bunker Fuels,All GHG,MtCO₂e,0.02,0.05,0.05,0.05,0.07,0.31,0.34,0.33,0.31,0.34,0.35,0.37,0.37,0.36,0.27,0.24,0.25,0.29,0.28,0.26,0.24,0.21,0.19,0.34,0.32,0.26,0.26,0.17,0.21,0.23,0.2,Cameroon,CM,120.0,6.0,12.0
COD,Democratic Republic of the Congo,Climate Watch,Bunker Fuels,All GHG,MtCO₂e,0.35,0.39,0.43,0.38,0.37,0.39,0.73,0.49,0.45,0.47,0.47,0.05,0.05,0.54,0.66,0.51,0.41,0.36,0.33,0.25,0.24,0.36,0.37,0.37,0.36,0.36,0.35,0.44,0.43,0.45,0.43,"Congo, the Democratic Republic of the",CD,180.0,0.0,25.0
COG,Republic of Congo,Climate Watch,Bunker Fuels,All GHG,MtCO₂e,0.09,0.1,0.1,0.1,0.13,0.16,0.13,0.14,0.15,0.16,0.14,0.16,0.28,0.24,0.11,0.11,0.09,0.1,0.09,0.12,0.08,0.05,0.06,0.05,0.08,0.05,0.06,0.06,0.08,0.06,0.08,Congo,CG,178.0,-1.0,15.0
COK,Cook Islands,Climate Watch,Bunker Fuels,All GHG,MtCO₂e,0.02,0.03,0.03,0.03,0.03,0.03,0.03,0.03,0.03,0.03,0.02,0.02,0.02,0.02,0.03,0.02,0.01,0.0,0.01,0.01,0.01,0.01,0.01,0.01,0.01,0.02,0.02,0.02,0.02,0.02,0.02,Cook Islands,CK,184.0,-21.2333,-159.7667
COL,Colombia,Climate Watch,Bunker Fuels,All GHG,MtCO₂e,2.26,4.64,5.07,4.9,5.14,5.02,4.36,4.02,6.79,4.88,4.45,3.65,3.53,3.23,3.54,3.02,3.07,2.77,2.76,3.02,2.68,2.66,2.78,2.92,2.75,2.78,2.57,2.13,2.22,1.96,1.92,Colombia,CO,170.0,4.0,-72.0
COM,Comoros,Climate Watch,Bunker Fuels,All GHG,MtCO₂e,0.01,0.01,0.01,0.0,0.0,0.0,0.0,0.0,0.0,0.0,0.0,0.0,0.0,0.0,0.0,0.0,0.0,0.0,0.0,0.0,0.0,0.0,0.0,0.0,0.0,0.0,0.0,0.0,0.0,0.0,0.0,Comoros,KM,174.0,-12.1667,44.25
CPV,Cape Verde,Climate Watch,Bunker Fuels,All GHG,MtCO₂e,0.42,0.42,0.41,0.4,0.37,0.37,0.38,0.32,0.33,0.34,0.26,0.24,0.33,0.28,0.24,0.23,0.18,0.15,0.17,0.15,0.13,0.12,0.11,0.1,0.1,0.08,0.07,0.07,0.07,0.06,0.06,Cape Verde,CV,132.0,16.0,-24.0
CRI,Costa Rica,Climate Watch,Bunker Fuels,All GHG,MtCO₂e,0.31,0.72,0.67,0.61,0.61,0.54,0.5,0.5,0.55,0.6,0.59,0.59,0.79,0.9,0.85,0.94,0.66,0.48,0.89,0.67,0.72,0.76,0.69,0.58,0.7,0.69,0.46,0.51,0.38,0.19,0.26,Costa Rica,CR,188.0,10.0,-84.0
CUB,Cuba,Climate Watch,Bunker Fuels,All GHG,MtCO₂e,1.31,1.35,1.46,1.81,1.76,2.33,2.43,2.48,2.67,2.39,2.88,1.97,0.54,0.63,0.65,0.61,0.62,0.52,0.75,0.64,0.71,0.89,1.03,1.01,0.9,0.58,0.56,0.65,0.69,0.93,1.05,Cuba,CU,192.0,21.5,-80.0
CYP,Cyprus,Climate Watch,Bunker Fuels,All GHG,MtCO₂e,1.17,1.83,1.85,1.76,1.75,1.52,1.48,1.51,1.47,1.57,1.45,1.54,1.72,1.79,1.9,1.85,1.11,1.42,1.4,1.61,1.47,1.33,1.14,1.09,1.08,1.05,0.95,0.89,1.05,1.07,0.94,Cyprus,CY,196.0,35.0,33.0
CZE,Czech Republic,Climate Watch,Bunker Fuels,All GHG,MtCO₂e,0.34,1.26,1.23,1.06,0.95,0.88,0.88,0.85,0.88,0.93,0.94,1.02,1.07,1.04,1.01,0.96,0.87,0.61,0.51,0.49,0.49,0.41,0.36,0.38,0.41,0.57,0.54,0.44,0.54,0.47,0.66,Czech Republic,CZ,203.0,49.75,15.5
DEU,Germany,Climate Watch,Bunker Fuels,All GHG,MtCO₂e,18.04,33.9,35.21,36.2,35.13,31.98,31.67,32.66,32.95,31.98,33.03,33.19,34.64,34.58,32.07,30.59,29.44,27.49,26.29,25.81,26.55,25.27,24.06,23.78,22.7,22.42,22.36,21.51,19.3,19.5,21.45,Germany,DE,276.0,51.0,9.0
DJI,Djibouti,Climate Watch,Bunker Fuels,All GHG,MtCO₂e,0.32,0.32,0.32,0.32,0.32,0.35,0.35,0.35,0.38,0.32,0.33,0.33,0.3,0.32,0.33,0.38,0.43,0.44,0.43,0.46,0.47,0.47,0.47,0.43,0.42,0.43,0.41,0.42,0.41,0.42,0.43,Djibouti,DJ,262.0,11.5,43.0
DMA,Dominica,Climate Watch,Bunker Fuels,All GHG,MtCO₂e,0.0,0.01,0.01,0.01,0.01,0.0,0.0,0.01,0.01,0.01,0.01,0.0,0.01,0.0,0.0,0.0,0.0,0.0,0.0,0.0,0.0,0.0,0.0,0.0,0.0,0.0,0.0,0.0,0.0,0.0,0.0,Dominica,DM,212.0,15.4167,-61.3333
DNK,Denmark,Climate Watch,Bunker Fuels,All GHG,MtCO₂e,2.75,5.47,4.93,4.6,4.95,5.07,5.04,4.49,4.15,4.71,4.62,3.95,5.58,6.05,5.83,5.04,4.87,5.11,4.88,5.8,6.46,6.43,6.57,6.4,6.74,6.92,6.65,5.96,4.58,4.39,4.84,Denmark,DK,208.0,56.0,10.0
DOM,Dominican Republic,Climate Watch,Bunker Fuels,All GHG,MtCO₂e,0.66,1.47,1.71,1.7,1.56,1.54,1.46,1.34,1.32,1.33,1.31,1.27,1.26,1.33,1.31,1.33,1.32,1.17,0.92,1.08,1.18,1.09,0.94,0.2,0.19,0.18,0.16,0.16,0.15,0.11,0.12,Dominican Republic,DO,214.0,19.0,-70.6667
DZA,Algeria,Climate Watch,Bunker Fuels,All GHG,MtCO₂e,0.97,1.54,2.09,2.09,2.1,2.41,2.31,2.47,2.26,2.28,2.47,2.38,2.3,2.25,2.25,2.38,2.21,1.91,2.19,2.0,1.97,1.8,1.79,1.91,2.03,2.17,2.11,2.05,2.17,2.18,2.5,Algeria,DZ,12.0,28.0,3.0
ECU,Ecuador,Climate Watch,Bunker Fuels,All GHG,MtCO₂e,0.91,2.61,3.05,2.0,1.8,1.78,2.15,2.04,2.29,2.49,2.27,2.67,2.83,2.68,2.56,2.75,2.82,2.45,2.19,1.34,1.6,0.79,0.91,2.14,1.98,1.56,1.65,1.78,1.1,0.82,0.9,Ecuador,EC,218.0,-2.0,-77.5
EGY,Egypt,Climate Watch,Bunker Fuels,All GHG,MtCO₂e,2.75,3.41,3.78,2.35,1.57,2.25,2.72,2.65,3.82,3.78,4.07,4.12,4.43,6.38,6.04,7.0,8.2,11.17,8.59,8.92,10.66,10.21,8.31,11.08,10.98,8.83,8.98,5.6,5.03,5.97,5.9,Egypt,EG,818.0,27.0,30.0
ESP,Spain,Climate Watch,Bunker Fuels,All GHG,MtCO₂e,24.95,37.43,36.57,34.96,36.51,35.68,36.16,34.08,37.92,38.7,36.27,37.66,38.56,37.52,36.4,34.87,32.58,30.95,30.15,30.01,27.54,26.55,26.77,25.41,21.39,16.33,15.71,16.03,17.35,16.43,15.08,Spain,ES,724.0,40.0,-4.0
EST,Estonia,Climate Watch,Bunker Fuels,All GHG,MtCO₂e,1.01,0.79,1.15,1.18,1.01,1.09,1.18,1.5,1.47,0.74,0.81,0.83,1.01,0.97,0.84,0.54,0.58,0.42,0.43,0.37,0.4,0.42,0.39,0.39,0.34,0.34,0.45,0.54,0.43,0.79,0.69,Estonia,EE,233.0,59.0,26.0
ETH,Ethiopia,Climate Watch,Bunker Fuels,All GHG,MtCO₂e,1.42,2.04,2.35,2.19,1.89,1.53,1.46,1.31,1.19,1.02,1.02,0.79,0.68,0.7,0.56,0.46,0.35,0.23,0.24,0.25,0.21,0.19,0.17,0.17,0.19,0.2,0.19,0.15,0.12,0.59,0.57,Ethiopia,ET,231.0,8.0,38.0
FIN,Finland,Climate Watch,Bunker Fuels,All GHG,MtCO₂e,1.84,3.6,3.38,3.18,2.85,2.87,2.19,2.32,2.24,2.55,2.29,2.33,3.04,3.08,3.19,2.88,2.91,3.14,3.12,2.9,3.18,2.85,2.67,2.28,2.14,1.94,2.15,2.49,3.01,2.66,2.81,Finland,FI,246.0,64.0,26.0
FJI,Fiji,Climate Watch,Bunker Fuels,All GHG,MtCO₂e,0.26,0.28,0.3,0.27,0.23,0.23,0.22,0.2,0.17,0.16,0.52,0.33,0.44,0.64,0.68,0.68,0.78,0.52,0.42,0.53,0.7,0.5,0.45,0.43,0.4,0.38,0.36,0.33,0.29,0.22,0.28,Fiji,FJ,242.0,-18.0,175.0
FRA,France,Climate Watch,Bunker Fuels,All GHG,MtCO₂e,11.07,24.29,24.2,22.87,22.31,22.88,22.59,23.52,24.42,25.35,24.12,24.03,25.64,26.66,25.81,24.74,25.33,23.23,22.7,22.88,24.43,23.58,22.24,20.64,19.64,18.51,17.72,17.92,18.0,16.93,17.44,France,FR,250.0,46.0,2.0
FSM,Micronesia,Climate Watch,Bunker Fuels,All GHG,MtCO₂e,0.03,0.03,0.03,0.03,0.03,0.03,0.03,0.02,0.02,0.02,0.02,0.02,0.01,0.01,0.01,0.01,0.01,0.01,0.0,0.01,0.01,0.01,0.01,0.0,0.0,0.0,0.0,0.0,0.0,0.0,0.0,"Micronesia, Federated States of",FM,583.0,6.9167,158.25
GAB,Gabon,Climate Watch,Bunker Fuels,All GHG,MtCO₂e,0.6,0.66,0.56,0.62,0.8,0.79,0.76,0.76,0.76,0.85,0.89,0.78,0.78,0.79,0.77,0.83,0.85,0.86,0.89,0.85,0.85,0.76,0.74,0.7,0.58,0.64,0.7,0.84,0.86,0.26,0.28,Gabon,GA,266.0,-1.0,11.75
GBR,United Kingdom,Climate Watch,Bunker Fuels,All GHG,MtCO₂e,20.34,42.79,43.18,42.27,41.16,40.66,41.07,41.01,41.1,43.58,41.24,44.02,46.53,44.12,44.14,42.8,40.4,36.95,36.72,37.96,38.08,36.33,36.65,33.84,31.87,30.1,28.53,28.55,27.48,25.86,27.21,United Kingdom,GB,826.0,54.0,-2.0
GEO,Georgia,Climate Watch,Bunker Fuels,All GHG,MtCO₂e,0.18,0.32,0.32,0.29,0.22,0.21,0.25,0.26,0.11,0.11,0.12,0.12,0.12,0.15,0.11,0.11,0.11,0.08,0.07,0.04,0.05,0.25,0.3,0.21,0.24,0.17,0.36,0.58,0.79,0.99,0.61,Georgia,GE,268.0,42.0,43.5
GHA,Ghana,Climate Watch,Bunker Fuels,All GHG,MtCO₂e,0.46,0.8,0.67,0.82,0.42,0.39,0.41,0.59,0.71,0.7,0.67,0.64,0.58,0.55,0.51,0.52,0.42,0.42,0.42,0.37,0.49,0.47,0.28,0.19,0.19,0.18,0.14,0.12,0.14,0.11,0.14,Ghana,GH,288.0,8.0,-2.0
GIN,Guinea,Climate Watch,Bunker Fuels,All GHG,MtCO₂e,0.13,0.13,0.1,0.1,0.08,0.08,0.08,0.08,0.08,0.08,0.08,0.08,0.08,0.08,0.07,0.07,0.07,0.07,0.07,0.07,0.07,0.06,0.06,0.06,0.06,0.05,0.05,0.05,0.05,0.05,0.05,Guinea,GN,324.0,11.0,-10.0
GMB,Gambia,Climate Watch,Bunker Fuels,All GHG,MtCO₂e,0.06,0.06,0.06,0.07,0.07,0.07,0.04,0.07,0.05,0.07,0.05,0.06,0.05,0.05,0.03,0.03,0.03,0.03,0.03,0.03,0.03,0.03,0.03,0.02,0.02,0.02,0.02,0.02,0.02,0.02,0.02,Gambia,GM,270.0,13.4667,-16.5667
GNB,Guinea-Bissau,Climate Watch,Bunker Fuels,All GHG,MtCO₂e,0.04,0.04,0.04,0.04,0.04,0.04,0.04,0.04,0.04,0.04,0.03,0.03,0.03,0.04,0.03,0.03,0.03,0.03,0.03,0.03,0.03,0.03,0.03,0.03,0.03,0.03,0.03,0.03,0.03,0.03,0.03,Guinea-Bissau,GW,624.0,12.0,-15.0
GNQ,Equatorial Guinea,Climate Watch,Bunker Fuels,All GHG,MtCO₂e,0.08,0.12,0.12,0.13,0.13,0.12,0.12,0.11,0.11,0.1,0.09,0.09,0.09,0.09,0.09,0.09,0.1,0.09,0.05,0.04,0.04,0.02,0.02,0.01,0.01,0.01,0.01,0.01,0.01,0.01,0.01,Equatorial Guinea,GQ,226.0,2.0,10.0
GRC,Greece,Climate Watch,Bunker Fuels,All GHG,MtCO₂e,6.35,11.6,10.39,9.91,8.24,8.28,8.41,8.93,9.31,11.19,10.88,11.03,12.95,13.29,12.8,11.59,12.88,12.7,12.39,13.53,14.03,12.82,13.74,12.49,12.54,14.02,13.4,12.38,10.81,9.6,10.58,Greece,GR,300.0,39.0,22.0
GRD,Grenada,Climate Watch,Bunker Fuels,All GHG,MtCO₂e,0.01,0.03,0.02,0.02,0.02,0.02,0.02,0.01,0.01,0.02,0.02,0.02,0.03,0.02,0.02,0.02,0.02,0.02,0.02,0.02,0.02,0.02,0.02,0.02,0.02,0.02,0.02,0.02,0.02,0.02,0.02,Grenada,GD,308.0,12.1167,-61.6667
GTM,Guatemala,Climate Watch,Bunker Fuels,All GHG,MtCO₂e,1.42,1.62,1.59,1.58,1.43,1.41,1.25,1.12,1.0,1.03,1.0,0.81,0.81,0.86,0.97,0.96,0.84,0.82,0.79,0.79,0.78,0.76,0.75,0.72,0.69,0.66,0.62,0.61,0.6,0.57,0.57,Guatemala,GT,320.0,15.5,-90.25
GUY,Guyana,Climate Watch,Bunker Fuels,All GHG,MtCO₂e,0.02,0.07,0.06,0.07,0.06,0.04,0.03,0.03,0.06,0.03,0.03,0.03,0.03,0.03,0.03,0.03,0.03,0.03,0.03,0.03,0.04,0.04,0.03,0.04,0.04,0.04,0.04,0.03,0.03,0.03,0.04,Guyana,GY,328.0,5.0,-59.0
HND,Honduras,Climate Watch,Bunker Fuels,All GHG,MtCO₂e,0.07,0.17,0.24,0.36,0.27,0.23,0.19,0.14,0.14,0.14,0.12,0.1,0.11,0.01,0.02,0.01,0.01,0.08,0.09,0.07,0.11,0.1,0.08,0.07,0.06,0.07,0.07,0.12,0.13,0.09,0.09,Honduras,HN,340.0,15.0,-86.5
HRV,Croatia,Climate Watch,Bunker Fuels,All GHG,MtCO₂e,0.23,0.68,0.62,0.47,0.39,0.36,0.38,0.38,0.35,0.39,0.32,0.29,0.39,0.35,0.33,0.34,0.29,0.25,0.27,0.29,0.26,0.32,0.34,0.31,0.32,0.35,0.41,0.18,0.07,0.1,0.65,Croatia,HR,191.0,45.1667,15.5
HTI,Haiti,Climate Watch,Bunker Fuels,All GHG,MtCO₂e,0.07,0.07,0.07,0.07,0.07,0.07,0.05,0.09,0.05,0.05,0.06,0.05,0.06,0.06,0.08,0.07,0.07,0.06,0.11,0.11,0.09,0.09,0.07,0.06,0.06,0.07,0.0,0.04,0.04,0.06,0.07,Haiti,HT,332.0,19.0,-72.4167
HUN,Hungary,Climate Watch,Bunker Fuels,All GHG,MtCO₂e,0.3,0.84,0.83,0.67,0.58,0.54,0.53,0.5,0.51,0.72,0.71,0.71,0.83,0.75,0.82,0.81,0.7,0.61,0.63,0.66,0.71,0.63,0.59,0.56,0.58,0.55,0.57,0.38,0.41,0.39,0.5,Hungary,HU,348.0,47.0,20.0
IDN,Indonesia,Climate Watch,Bunker Fuels,All GHG,MtCO₂e,2.32,5.22,5.83,5.72,5.36,4.94,4.84,4.78,4.53,4.29,4.35,3.47,3.28,3.1,2.95,2.79,1.89,2.28,1.68,1.56,1.6,1.64,2.09,2.21,1.54,2.5,1.74,1.78,1.75,1.67,2.7,Indonesia,ID,360.0,-5.0,120.0
IND,India,Climate Watch,Bunker Fuels,All GHG,MtCO₂e,8.92,18.12,18.5,17.26,16.51,15.37,14.41,13.98,13.63,14.53,14.09,13.4,12.62,12.86,11.39,9.8,9.15,8.16,7.46,7.35,7.27,7.07,6.73,6.62,6.68,6.41,5.89,5.45,4.99,4.9,5.16,India,IN,356.0,20.0,77.0
IRL,Ireland,Climate Watch,Bunker Fuels,All GHG,MtCO₂e,1.64,3.71,3.77,3.47,3.04,2.96,2.6,2.34,2.11,2.38,2.61,1.98,2.97,3.28,2.85,2.73,2.55,2.74,2.7,2.62,2.24,2.06,1.78,1.72,1.54,1.5,1.27,1.46,0.97,1.12,1.11,Ireland,IE,372.0,53.0,-8.0
IRN,Iran,Climate Watch,Bunker Fuels,All GHG,MtCO₂e,5.42,7.09,6.93,6.56,8.6,16.87,13.1,11.14,7.56,10.77,11.33,10.21,8.24,6.68,6.37,5.76,5.45,5.29,5.15,5.2,5.09,4.74,4.67,4.73,4.26,3.97,3.86,3.54,3.31,3.25,2.82,"Iran, Islamic Republic of",IR,364.0,32.0,53.0
IRQ,Iraq,Climate Watch,Bunker Fuels,All GHG,MtCO₂e,1.72,2.87,2.73,2.74,2.8,2.23,2.13,1.71,1.5,2.83,2.73,2.94,2.76,2.63,2.55,2.34,2.21,1.83,2.1,2.21,2.15,1.76,1.69,1.44,1.28,1.3,1.34,1.16,1.03,0.94,1.41,Iraq,IQ,368.0,33.0,44.0
ISL,Iceland,Climate Watch,Bunker Fuels,All GHG,MtCO₂e,0.33,1.15,1.5,1.34,1.09,0.81,0.62,0.57,0.62,0.61,0.56,0.5,0.65,0.71,0.65,0.61,0.58,0.52,0.51,0.49,0.62,0.52,0.51,0.43,0.38,0.34,0.3,0.29,0.26,0.23,0.32,Iceland,IS,352.0,65.0,-18.0
ISR,Israel,Climate Watch,Bunker Fuels,All GHG,MtCO₂e,2.57,4.69,4.48,4.05,3.42,3.54,3.01,3.33,3.56,3.61,3.53,3.57,3.73,4.64,4.27,4.09,3.99,4.2,4.21,2.68,3.02,2.4,2.66,2.64,2.6,2.82,2.62,2.55,2.2,2.05,2.0,Israel,IL,376.0,31.5,34.75
ITA,Italy,Climate Watch,Bunker Fuels,All GHG,MtCO₂e,12.41,20.59,20.41,17.81,17.15,15.74,15.52,16.17,17.41,17.94,19.26,16.71,18.16,18.14,17.29,16.36,15.82,15.55,14.02,13.51,13.89,12.6,14.37,13.1,12.57,13.75,13.15,13.24,13.13,13.43,13.19,Italy,IT,380.0,42.8333,12.8333
JAM,Jamaica,Climate Watch,Bunker Fuels,All GHG,MtCO₂e,1.8,1.89,1.57,1.71,1.61,1.49,1.25,1.27,0.7,0.9,0.87,0.83,1.33,1.21,1.04,0.87,0.72,0.82,0.82,0.64,0.64,0.6,0.6,0.59,0.59,0.63,0.6,0.58,0.58,0.57,0.57,Jamaica,JM,388.0,18.25,-77.5
JOR,Jordan,Climate Watch,Bunker Fuels,All GHG,MtCO₂e,0.5,1.51,1.26,1.61,1.3,0.93,1.03,1.14,1.16,1.04,1.15,1.12,1.03,1.04,1.07,1.23,0.77,0.88,0.68,0.69,0.9,0.72,0.7,0.87,0.93,0.79,0.72,0.66,0.61,0.47,0.68,Jordan,JO,400.0,31.0,36.0
JPN,Japan,Climate Watch,Bunker Fuels,All GHG,MtCO₂e,24.67,36.72,36.57,35.22,35.17,33.56,31.89,32.86,32.78,32.04,31.63,31.14,35.22,37.78,39.42,42.02,39.63,38.14,37.24,33.99,37.26,36.95,38.32,36.36,31.79,36.97,37.24,35.8,33.81,33.39,31.64,Japan,JP,392.0,36.0,138.0
KAZ,Kazakhstan,Climate Watch,Bunker Fuels,All GHG,MtCO₂e,1.0,1.95,1.94,1.54,1.44,1.27,0.7,0.51,0.61,0.55,0.63,0.56,0.67,0.71,0.53,0.5,0.46,0.32,0.39,0.26,0.24,0.43,0.73,0.71,0.77,0.8,1.12,0.76,2.29,2.51,2.73,Kazakhstan,KZ,398.0,48.0,68.0
KEN,Kenya,Climate Watch,Bunker Fuels,All GHG,MtCO₂e,1.33,2.31,2.26,2.16,2.07,2.17,1.78,1.82,2.27,2.28,1.8,1.98,1.95,2.24,2.05,1.95,1.88,1.72,1.61,1.66,1.55,1.63,1.54,1.52,1.56,1.53,1.91,1.63,1.43,1.21,1.41,Kenya,KE,404.0,1.0,38.0
KGZ,Kyrgyzstan,Climate Watch,Bunker Fuels,All GHG,MtCO₂e,0.0,0.03,0.02,0.06,0.32,0.32,0.01,0.15,0.09,0.16,0.83,1.03,0.9,0.74,0.87,0.39,0.16,0.1,0.11,0.07,0.12,0.12,0.16,0.14,0.21,0.19,0.04,0.05,0.19,0.22,0.27,Kyrgyzstan,KG,417.0,41.0,75.0
KIR,Kiribati,Climate Watch,Bunker Fuels,All GHG,MtCO₂e,0.0,0.0,0.0,0.0,0.0,0.0,0.0,0.0,0.0,0.0,0.0,0.0,0.0,0.0,0.0,0.0,0.0,0.0,0.0,0.0,0.0,0.0,0.0,0.0,0.0,0.0,0.0,0.0,0.0,0.0,0.0,Kiribati,KI,296.0,1.4167,173.0
KNA,Saint Kitts and Nevis,Climate Watch,Bunker Fuels,All GHG,MtCO₂e,0.01,0.02,0.02,0.02,0.02,0.02,0.02,0.02,0.02,0.02,0.01,0.01,0.01,0.01,0.01,0.01,0.01,0.01,0.01,0.01,0.01,0.01,0.01,0.01,0.01,0.01,0.01,0.01,0.01,0.01,0.01,Saint Kitts and Nevis,KN,659.0,17.3333,-62.75
KOR,South Korea,Climate Watch,Bunker Fuels,All GHG,MtCO₂e,41.48,44.03,47.11,48.44,49.25,43.99,40.55,40.07,40.01,40.76,41.46,38.5,41.26,41.1,42.98,41.31,36.8,35.24,31.99,32.05,32.82,33.93,32.3,32.1,29.22,23.88,20.75,14.54,11.9,9.22,6.23,"Korea, Republic of",KR,410.0,37.0,127.5
KWT,Kuwait,Climate Watch,Bunker Fuels,All GHG,MtCO₂e,2.98,5.95,5.97,5.99,5.83,6.29,5.96,5.56,5.53,5.53,4.0,3.67,5.39,5.01,4.35,4.05,4.28,4.54,3.11,2.51,2.63,3.27,3.42,3.35,2.97,3.01,2.77,2.08,2.25,0.44,1.09,Kuwait,KW,414.0,29.3375,47.6581
LBN,Lebanon,Climate Watch,Bunker Fuels,All GHG,MtCO₂e,0.35,0.87,0.85,0.87,0.79,0.66,0.74,0.83,0.67,0.72,0.71,0.56,0.54,0.42,0.33,0.47,0.41,0.4,0.41,0.41,0.4,0.41,0.34,0.35,0.34,0.67,0.47,0.39,0.38,0.27,0.16,Lebanon,LB,422.0,33.8333,35.8333
LBR,Liberia,Climate Watch,Bunker Fuels,All GHG,MtCO₂e,0.03,0.03,0.03,0.03,0.05,0.04,0.05,0.05,0.05,0.05,0.05,0.04,0.04,0.04,0.04,0.04,0.04,0.04,0.04,0.04,0.04,0.05,0.04,0.05,0.05,0.05,0.05,0.05,0.05,0.05,0.08,Liberia,LR,430.0,6.5,-9.5
LBY,Libya,Climate Watch,Bunker Fuels,All GHG,MtCO₂e,0.36,1.07,1.03,0.87,0.44,0.42,0.61,1.17,1.67,0.39,1.69,1.77,1.98,2.05,2.09,1.66,1.79,1.64,1.55,1.54,2.23,1.91,1.91,1.83,1.9,1.21,1.17,1.04,0.94,0.93,0.89,Libyan Arab Jamahiriya,LY,434.0,25.0,17.0
LCA,Saint Lucia,Climate Watch,Bunker Fuels,All GHG,MtCO₂e,0.06,0.12,0.12,0.12,0.11,0.11,0.12,0.12,0.12,0.12,0.13,0.12,0.12,0.12,0.09,0.11,0.09,0.07,0.05,0.09,0.09,0.01,0.01,0.01,0.0,0.0,0.0,0.0,0.0,0.0,0.0,Saint Lucia,LC,662.0,13.8833,-61.1333
LKA,Sri Lanka,Climate Watch,Bunker Fuels,All GHG,MtCO₂e,1.75,3.31,3.57,3.56,3.6,2.49,2.83,2.13,2.2,1.91,1.01,0.87,0.95,0.87,1.41,1.5,0.79,0.72,0.82,0.71,0.84,0.75,0.83,0.88,1.26,1.11,1.11,1.11,0.96,0.98,1.23,Sri Lanka,LK,144.0,7.0,81.0
LSO,Lesotho,Climate Watch,Bunker Fuels,All GHG,MtCO₂e,0.0,0.0,0.0,0.0,0.0,0.0,0.0,0.0,0.0,0.0,0.0,0.0,0.0,0.0,0.0,0.0,0.0,0.0,0.0,0.0,0.0,0.0,0.0,0.0,0.0,0.0,0.0,0.0,0.0,0.0,0.0,Lesotho,LS,426.0,-29.5,28.5
LTU,Lithuania,Climate Watch,Bunker Fuels,All GHG,MtCO₂e,0.75,1.0,1.03,0.88,0.81,0.49,0.27,0.49,0.58,0.63,0.6,0.52,0.52,0.58,0.6,0.6,0.46,0.45,0.43,0.41,0.37,0.31,0.25,0.29,0.52,0.57,0.61,0.63,1.13,0.99,0.71,Lithuania,LT,440.0,56.0,24.0
LUX,Luxembourg,Climate Watch,Bunker Fuels,All GHG,MtCO₂e,1.65,1.81,1.85,1.73,1.53,1.38,1.22,1.13,1.12,1.21,1.3,1.27,1.32,1.31,1.22,1.3,1.28,1.18,1.13,1.05,0.97,1.0,0.85,0.76,0.62,0.57,0.5,0.4,0.4,0.41,0.4,Luxembourg,LU,442.0,49.75,6.1667
LVA,Latvia,Climate Watch,Bunker Fuels,All GHG,MtCO₂e,0.83,1.39,0.58,1.25,1.37,1.13,1.07,1.14,1.13,1.04,1.16,1.18,0.95,0.81,0.83,1.01,0.79,0.72,0.74,0.7,0.11,0.12,0.14,0.33,0.41,0.56,0.97,0.76,0.66,0.75,1.73,Latvia,LV,428.0,57.0,25.0
MAR,Morocco,Climate Watch,Bunker Fuels,All GHG,MtCO₂e,1.33,2.92,2.79,2.61,2.5,2.5,2.38,2.2,2.06,2.24,2.23,1.64,1.63,1.63,1.42,1.26,1.11,0.97,0.96,0.95,0.97,0.98,0.95,0.84,0.81,0.78,0.71,0.75,0.73,0.63,0.87,Morocco,MA,504.0,32.0,-5.0
MDA,Moldova,Climate Watch,Bunker Fuels,All GHG,MtCO₂e,0.06,0.16,0.18,0.15,0.1,0.07,0.08,0.07,0.07,0.06,0.06,0.06,0.05,0.04,0.04,0.04,0.03,0.04,0.06,0.05,0.06,0.04,0.05,0.07,0.06,0.03,0.03,0.07,0.1,0.23,0.22,"Moldova, Republic of",MD,498.0,47.0,29.0
MDG,Madagascar,Climate Watch,Bunker Fuels,All GHG,MtCO₂e,0.07,0.17,0.17,0.15,0.15,0.13,0.13,0.16,0.19,0.18,0.2,0.14,0.19,0.2,0.2,0.2,0.18,0.14,0.08,0.19,0.18,0.18,0.17,0.17,0.17,0.16,0.16,0.15,0.15,0.15,0.14,Madagascar,MG,450.0,-20.0,47.0
MDV,Maldives,Climate Watch,Bunker Fuels,All GHG,MtCO₂e,0.25,0.27,0.25,0.22,0.22,0.25,0.78,0.47,0.38,0.18,0.15,0.19,0.17,0.14,0.13,0.1,0.12,0.09,0.1,0.12,0.24,0.27,0.25,0.21,0.19,0.18,0.16,0.13,0.14,0.11,0.11,Maldives,MV,462.0,3.25,73.0
MEX,Mexico,Climate Watch,Bunker Fuels,All GHG,MtCO₂e,6.36,15.23,14.81,14.51,14.03,13.09,12.39,11.72,11.69,11.19,10.79,10.55,12.84,12.77,11.89,11.44,11.19,10.89,10.67,11.93,12.12,12.03,11.2,9.81,9.36,9.49,9.65,7.23,6.14,5.55,5.33,Mexico,MX,484.0,23.0,-102.0
MHL,Marshall Islands,Climate Watch,Bunker Fuels,All GHG,MtCO₂e,0.0,0.01,0.01,0.01,0.01,0.01,0.01,0.01,0.01,0.01,0.01,0.01,0.01,0.01,0.01,0.01,0.01,0.01,0.01,0.01,0.01,0.01,0.01,0.01,0.01,0.01,0.01,0.01,0.01,0.0,0.0,Marshall Islands,MH,584.0,9.0,168.0
MKD,Macedonia,Climate Watch,Bunker Fuels,All GHG,MtCO₂e,0.03,0.08,0.07,0.06,0.05,0.04,0.04,0.03,0.03,0.01,0.02,0.01,0.02,0.02,0.01,0.02,0.02,0.02,0.07,0.07,0.09,0.11,0.05,0.09,0.08,0.1,0.06,0.06,0.02,0.02,0.02,"Macedonia, the former Yugoslav Republic of",MK,807.0,41.8333,22.0
MLI,Mali,Climate Watch,Bunker Fuels,All GHG,MtCO₂e,0.2,0.2,0.2,0.19,0.19,0.18,0.18,0.17,0.15,0.14,0.13,0.12,0.09,0.07,0.07,0.08,0.06,0.06,0.06,0.06,0.06,0.06,0.06,0.05,0.05,0.05,0.05,0.05,0.05,0.04,0.04,Mali,ML,466.0,17.0,-4.0
MLT,Malta,Climate Watch,Bunker Fuels,All GHG,MtCO₂e,7.28,7.85,7.65,7.36,6.07,5.34,4.28,4.14,4.15,4.65,5.01,3.93,3.25,3.01,2.71,2.4,3.46,3.19,2.66,2.61,2.49,0.32,0.32,0.63,0.27,0.37,0.34,0.34,0.4,0.37,0.31,Malta,MT,470.0,35.8333,14.5833
MMR,Myanmar,Climate Watch,Bunker Fuels,All GHG,MtCO₂e,0.18,0.24,0.23,0.23,0.29,0.14,0.14,0.13,0.12,0.07,0.07,0.06,0.06,0.06,0.05,0.04,0.06,0.06,0.05,0.06,0.06,0.05,0.05,0.07,0.05,0.03,0.05,0.03,0.11,0.02,0.02,Myanmar,MM,104.0,22.0,98.0
MNG,Mongolia,Climate Watch,Bunker Fuels,All GHG,MtCO₂e,0.06,0.14,0.12,0.09,0.06,0.07,0.06,0.1,0.09,0.08,0.05,0.05,0.1,0.13,0.13,0.06,0.07,0.08,0.07,0.07,0.06,0.05,0.07,0.08,0.09,0.06,0.0,0.0,0.0,0.0,0.01,Mongolia,MN,496.0,46.0,105.0
MOZ,Mozambique,Climate Watch,Bunker Fuels,All GHG,MtCO₂e,0.06,0.11,0.11,0.09,0.13,0.12,0.14,0.14,0.12,0.12,0.21,0.22,0.19,0.2,0.18,0.15,0.26,0.26,0.14,0.13,0.14,0.11,0.09,0.09,0.07,0.07,0.14,0.12,0.1,0.15,0.22,Mozambique,MZ,508.0,-18.25,35.0
MRT,Mauritania,Climate Watch,Bunker Fuels,All GHG,MtCO₂e,0.07,0.07,0.07,0.07,0.07,0.06,0.07,0.07,0.07,0.05,0.06,0.07,0.05,0.05,0.06,0.08,0.08,0.07,0.06,0.07,0.07,0.08,0.08,0.08,0.07,0.07,0.07,0.07,0.07,0.07,0.06,Mauritania,MR,478.0,20.0,-12.0
MUS,Mauritius,Climate Watch,Bunker Fuels,All GHG,MtCO₂e,2.36,2.99,2.8,2.43,1.97,1.73,1.69,1.6,1.55,1.68,1.49,1.36,1.49,1.43,1.31,1.35,1.18,1.1,1.17,1.28,1.32,1.1,0.79,0.55,0.53,0.49,0.51,0.48,0.48,0.42,0.41,Mauritius,MU,480.0,-20.2833,57.55
MWI,Malawi,Climate Watch,Bunker Fuels,All GHG,MtCO₂e,0.01,0.01,0.02,0.02,0.02,0.02,0.02,0.02,0.02,0.03,0.03,0.02,0.03,0.03,0.03,0.02,0.02,0.03,0.01,0.02,0.02,0.0,0.02,0.02,0.02,0.02,0.02,0.02,0.02,0.02,0.02,Malawi,MW,454.0,-13.5,34.0
MYS,Malaysia,Climate Watch,Bunker Fuels,All GHG,MtCO₂e,3.18,8.85,9.18,9.32,8.17,8.9,8.68,8.73,6.49,6.82,5.94,5.27,5.31,5.43,5.48,5.05,5.24,4.7,4.6,4.75,4.51,4.78,5.37,4.02,3.83,3.34,3.17,2.32,2.09,2.03,1.82,Malaysia,MY,458.0,2.5,112.5
NER,Niger,Climate Watch,Bunker Fuels,All GHG,MtCO₂e,0.09,0.14,0.14,0.13,0.14,0.13,0.09,0.07,0.04,0.05,0.04,0.04,0.04,0.04,0.04,0.04,0.03,0.03,0.03,0.03,0.05,0.04,0.03,0.04,0.03,0.02,0.03,0.03,0.03,0.04,0.04,Niger,NE,562.0,16.0,8.0
NGA,Nigeria,Climate Watch,Bunker Fuels,All GHG,MtCO₂e,1.91,2.57,3.14,2.62,2.36,2.28,2.17,2.27,2.59,2.5,2.5,3.22,3.8,1.96,1.98,2.02,1.96,1.83,1.62,1.79,1.81,3.02,2.19,2.2,2.97,2.72,2.29,2.33,2.22,2.26,1.56,Nigeria,NG,566.0,10.0,8.0
NIC,Nicaragua,Climate Watch,Bunker Fuels,All GHG,MtCO₂e,0.02,0.05,0.05,0.08,0.07,0.07,0.06,0.07,0.07,0.06,0.06,0.06,0.08,0.08,0.05,0.05,0.06,0.07,0.07,0.07,0.08,0.08,0.08,0.06,0.07,0.06,0.05,0.04,0.05,0.07,0.08,Nicaragua,NI,558.0,13.0,-85.0
NIU,Niue,Climate Watch,Bunker Fuels,All GHG,MtCO₂e,0.0,0.0,0.0,0.0,0.0,0.0,0.0,0.0,0.0,0.0,0.0,0.0,0.0,0.0,0.0,0.0,0.0,0.0,0.0,0.0,0.0,0.0,0.0,0.0,0.0,0.0,0.0,0.0,0.0,0.0,0.0,Niue,NU,570.0,-19.0333,-169.8667
NLD,Netherlands,Climate Watch,Bunker Fuels,All GHG,MtCO₂e,43.51,47.92,47.63,48.96,49.32,51.62,51.96,52.2,53.8,58.07,54.27,57.01,63.45,65.45,64.06,60.6,56.98,52.46,55.4,55.36,51.7,49.5,47.58,47.08,44.59,42.64,41.68,41.07,42.26,41.42,39.89,Netherlands,NL,528.0,52.5,5.75
NOR,Norway,Climate Watch,Bunker Fuels,All GHG,MtCO₂e,1.44,2.65,2.79,2.58,2.41,2.55,2.63,2.88,2.86,2.71,2.67,2.64,2.67,3.24,2.82,3.27,2.47,2.51,3.31,3.66,3.69,4.06,3.99,4.22,3.6,3.35,3.26,2.89,2.84,2.46,2.69,Norway,NO,578.0,62.0,10.0
NPL,Nepal,Climate Watch,Bunker Fuels,All GHG,MtCO₂e,0.15,0.31,0.42,0.43,0.43,0.21,0.36,0.32,0.3,0.29,0.27,0.22,0.18,0.18,0.17,0.19,0.17,0.13,0.14,0.12,0.17,0.15,0.15,0.13,0.13,0.11,0.1,0.08,0.08,0.06,0.05,Nepal,NP,524.0,28.0,84.0
NRU,Nauru,Climate Watch,Bunker Fuels,All GHG,MtCO₂e,0.02,0.02,0.02,0.02,0.03,0.02,0.02,0.02,0.02,0.02,0.02,0.01,0.01,0.01,0.01,0.02,0.02,0.02,0.02,0.02,0.02,0.03,0.03,0.03,0.03,0.03,0.03,0.04,0.04,0.04,0.04,Nauru,NR,520.0,-0.5333,166.9167
NZL,New Zealand,Climate Watch,Bunker Fuels,All GHG,MtCO₂e,2.16,4.98,4.94,4.66,4.35,3.63,3.47,3.61,3.48,3.48,3.44,3.33,3.47,3.33,3.2,3.26,3.02,2.91,2.88,2.81,2.6,2.81,2.9,2.78,2.76,2.78,2.69,2.24,2.17,2.24,2.41,New Zealand,NZ,554.0,-41.0,174.0
OMN,Oman,Climate Watch,Bunker Fuels,All GHG,MtCO₂e,5.49,6.28,9.15,5.01,6.94,5.6,5.25,4.19,3.95,3.15,4.88,3.89,5.04,1.0,1.07,0.82,0.74,1.27,1.26,0.97,0.86,0.76,0.7,0.65,0.57,0.56,0.61,1.39,0.59,0.89,1.01,Oman,OM,512.0,21.0,57.0
PAK,Pakistan,Climate Watch,Bunker Fuels,All GHG,MtCO₂e,0.88,1.91,2.45,2.63,2.55,2.38,2.27,2.58,2.46,2.56,2.87,2.97,2.63,2.41,2.71,2.74,2.56,2.14,2.41,2.08,2.08,2.15,2.08,1.65,1.62,1.78,1.78,1.82,1.73,1.63,1.53,Pakistan,PK,586.0,30.0,70.0
PAN,Panama,Climate Watch,Bunker Fuels,All GHG,MtCO₂e,15.78,19.16,16.62,16.77,14.77,13.74,11.92,12.08,12.08,11.86,10.71,9.5,11.29,7.99,9.07,8.02,9.04,9.07,9.08,9.04,8.78,8.49,8.29,7.75,7.11,6.61,6.52,6.25,5.95,5.5,5.05,Panama,PA,591.0,9.0,-80.0
PER,Peru,Climate Watch,Bunker Fuels,All GHG,MtCO₂e,1.56,3.62,3.74,3.69,2.51,2.26,2.42,1.93,2.15,2.27,1.87,2.1,2.16,0.84,1.75,1.26,1.63,0.65,0.83,1.31,1.26,1.4,1.33,1.32,1.32,1.24,1.02,0.85,0.77,0.76,0.74,Peru,PE,604.0,-10.0,-76.0
PHL,Philippines,Climate Watch,Bunker Fuels,All GHG,MtCO₂e,2.04,5.06,5.17,5.08,4.07,3.76,3.43,3.84,3.86,3.92,3.58,3.59,3.63,3.73,2.85,2.69,2.51,2.47,2.49,2.44,2.23,2.27,1.87,2.44,2.06,1.62,1.66,1.57,1.53,1.24,1.31,Philippines,PH,608.0,13.0,122.0
PLW,Palau,Climate Watch,Bunker Fuels,All GHG,MtCO₂e,0.03,0.04,0.04,0.04,0.04,0.03,0.03,0.03,0.03,0.03,0.03,0.03,0.05,0.05,0.05,0.05,0.05,0.05,0.05,0.05,0.05,0.05,0.05,0.05,0.05,0.05,0.05,0.05,0.05,0.0,0.0,Palau,PW,585.0,7.5,134.5
PNG,Papua New Guinea,Climate Watch,Bunker Fuels,All GHG,MtCO₂e,0.16,0.21,0.21,0.21,0.23,0.23,0.2,0.2,0.19,0.25,0.24,0.23,0.24,0.23,0.22,0.22,0.22,0.21,0.19,0.19,0.19,0.17,0.18,0.18,0.18,0.17,0.17,0.09,0.09,0.09,0.1,Papua New Guinea,PG,598.0,-6.0,147.0
POL,Poland,Climate Watch,Bunker Fuels,All GHG,MtCO₂e,2.32,4.11,3.88,3.41,2.64,2.57,2.23,2.03,2.09,2.05,2.23,2.26,2.49,2.14,2.23,2.0,1.66,1.78,1.67,1.65,1.74,1.95,1.72,1.53,1.48,1.26,1.18,1.17,1.51,1.18,1.93,Poland,PL,616.0,52.0,20.0
PRK,North Korea,Climate Watch,Bunker Fuels,All GHG,MtCO₂e,0.0,0.0,0.0,0.0,0.0,0.0,0.0,0.0,0.0,0.0,0.0,0.0,0.0,0.0,0.0,0.0,0.0,0.0,0.0,0.0,0.0,0.0,0.0,0.0,0.0,0.0,0.0,0.0,0.0,0.0,0.0,"Korea, Democratic People's Republic of",KP,408.0,40.0,127.0
PRT,Portugal,Climate Watch,Bunker Fuels,All GHG,MtCO₂e,3.8,7.49,6.74,6.39,5.94,5.24,4.89,4.91,4.75,4.58,4.14,4.02,4.35,4.15,4.36,4.05,4.23,3.82,3.37,3.4,4.08,3.76,2.92,3.2,3.15,3.12,3.08,3.13,3.49,3.43,3.34,Portugal,PT,620.0,39.5,-8.0
PRY,Paraguay,Climate Watch,Bunker Fuels,All GHG,MtCO₂e,0.07,0.21,0.21,0.17,0.13,0.1,0.11,0.1,0.08,0.07,0.08,0.06,0.07,0.06,0.06,0.04,0.05,0.07,0.06,0.02,0.04,0.05,0.1,0.1,0.1,0.03,0.03,0.03,0.03,0.03,0.03,Paraguay,PY,600.0,-23.0,-58.0
QAT,Qatar,Climate Watch,Bunker Fuels,All GHG,MtCO₂e,9.89,14.95,13.93,10.59,5.53,3.89,4.03,6.39,6.18,4.63,3.64,3.28,2.76,2.39,1.88,1.46,1.09,1.92,2.26,1.04,0.58,0.54,0.58,0.63,0.56,0.43,0.42,0.32,0.32,0.28,0.35,Qatar,QA,634.0,25.5,51.25
ROU,Romania,Climate Watch,Bunker Fuels,All GHG,MtCO₂e,0.28,0.57,0.47,1.1,0.98,0.86,0.88,0.63,0.45,0.47,0.55,0.5,0.62,0.48,0.47,0.38,0.41,0.35,0.29,0.34,0.38,0.39,0.42,0.37,0.26,0.56,0.5,0.76,0.75,0.5,0.7,Romania,RO,642.0,46.0,25.0
RUS,Russia,Climate Watch,Bunker Fuels,All GHG,MtCO₂e,36.02,51.84,54.32,53.49,48.64,57.99,64.7,34.76,25.64,29.03,23.72,17.69,17.66,16.59,16.44,15.56,14.39,14.66,14.42,13.9,13.52,12.86,12.44,13.24,13.36,14.25,15.29,18.36,21.61,23.26,32.85,Russian Federation,RU,643.0,60.0,100.0
RWA,Rwanda,Climate Watch,Bunker Fuels,All GHG,MtCO₂e,0.09,0.18,0.16,0.16,0.14,0.14,0.11,0.11,0.11,0.1,0.08,0.08,0.07,0.08,0.07,0.06,0.06,0.06,0.06,0.06,0.06,0.05,0.05,0.04,0.04,0.04,0.04,0.04,0.04,0.04,0.04,Rwanda,RW,646.0,-2.0,30.0
SAU,Saudi Arabia,Climate Watch,Bunker Fuels,All GHG,MtCO₂e,12.32,21.59,22.06,20.62,19.61,18.47,17.51,16.77,17.32,16.51,14.55,14.17,15.15,14.54,13.96,12.78,12.99,12.66,12.7,12.45,12.7,12.18,11.77,11.67,11.06,11.87,12.37,13.79,14.04,13.45,10.74,Saudi Arabia,SA,682.0,25.0,45.0
SDN,Sudan,Climate Watch,Bunker Fuels,All GHG,MtCO₂e,0.44,0.6,0.69,0.73,0.65,0.58,0.4,0.44,0.69,0.66,0.58,0.5,0.45,0.3,0.32,0.37,0.39,0.41,0.43,0.41,0.36,0.32,0.13,0.13,0.14,0.13,0.13,0.12,0.12,0.12,0.12,Sudan,SD,736.0,15.0,30.0
SEN,Senegal,Climate Watch,Bunker Fuels,All GHG,MtCO₂e,1.2,1.24,1.3,0.6,1.12,1.27,0.91,1.01,0.86,0.92,0.91,0.83,1.25,1.28,1.06,1.12,1.02,0.94,0.75,0.91,1.07,0.81,0.8,0.72,0.71,0.56,0.48,0.35,0.47,0.45,0.58,Senegal,SN,686.0,14.0,-14.0
SGP,Singapore,Climate Watch,Bunker Fuels,All GHG,MtCO₂e,163.35,176.65,183.04,184.37,176.56,164.34,155.2,155.89,154.98,154.42,145.84,129.85,125.65,114.66,104.09,93.92,87.08,76.1,75.57,75.93,70.88,70.56,62.78,59.09,51.2,43.96,44.34,42.69,45.51,37.53,40.3,Singapore,SG,702.0,1.3667,103.8
SLB,Solomon Islands,Climate Watch,Bunker Fuels,All GHG,MtCO₂e,0.03,0.03,0.03,0.03,0.03,0.03,0.03,0.04,0.03,0.03,0.03,0.03,0.03,0.03,0.03,0.03,0.03,0.03,0.03,0.03,0.03,0.03,0.03,0.03,0.03,0.03,0.03,0.03,0.03,0.03,0.02,Solomon Islands,SB,90.0,-8.0,159.0
SLE,Sierra Leone,Climate Watch,Bunker Fuels,All GHG,MtCO₂e,0.01,0.01,0.02,0.04,0.01,0.02,0.04,0.04,0.04,0.04,0.04,0.04,0.04,0.03,0.04,0.04,0.04,0.03,0.03,0.03,0.04,0.04,0.04,0.04,0.04,0.04,0.05,0.05,0.05,0.16,0.15,Sierra Leone,SL,694.0,8.5,-11.5
SLV,El Salvador,Climate Watch,Bunker Fuels,All GHG,MtCO₂e,0.23,0.58,0.56,0.53,0.53,0.48,0.48,0.46,0.27,0.35,0.35,0.36,0.36,0.36,0.23,0.24,0.23,0.22,0.21,0.23,0.22,0.21,0.19,0.15,0.15,0.16,0.14,0.15,0.14,0.09,0.12,El Salvador,SV,222.0,13.8333,-88.9167
SOM,Somalia,Climate Watch,Bunker Fuels,All GHG,MtCO₂e,0.23,0.23,0.23,0.22,0.22,0.22,0.22,0.22,0.21,0.21,0.21,0.21,0.2,0.2,0.21,0.21,0.21,0.21,0.21,0.22,0.24,0.22,0.22,0.22,0.21,0.22,0.21,0.21,0.2,0.21,0.22,Somalia,SO,706.0,10.0,49.0
SRB,Serbia,Climate Watch,Bunker Fuels,All GHG,MtCO₂e,0.29,0.48,0.48,0.45,0.42,0.27,0.26,0.16,0.13,0.15,0.13,0.13,0.15,0.15,0.16,0.15,0.14,0.19,0.18,0.15,0.09,0.1,0.2,0.2,0.18,0.11,0.04,0.05,0.19,0.31,0.43,Serbia,RS,688.0,44.0,21.0
STP,Sao Tome and Principe,Climate Watch,Bunker Fuels,All GHG,MtCO₂e,0.04,0.04,0.04,0.04,0.03,0.03,0.03,0.03,0.03,0.03,0.03,0.03,0.03,0.02,0.02,0.02,0.02,0.01,0.01,0.01,0.01,0.01,0.01,0.01,0.01,0.0,0.0,0.0,0.0,0.0,0.0,Sao Tome and Principe,ST,678.0,1.0,7.0
SVK,Slovakia,Climate Watch,Bunker Fuels,All GHG,MtCO₂e,0.09,0.14,0.14,0.12,0.15,0.13,0.11,0.12,0.11,0.13,0.12,0.14,0.19,0.15,0.12,0.12,0.08,0.1,0.14,0.09,0.08,0.06,0.09,0.11,0.12,0.12,0.1,0.0,0.0,0.0,0.0,Slovakia,SK,703.0,48.6667,19.5
SVN,Slovenia,Climate Watch,Bunker Fuels,All GHG,MtCO₂e,0.4,0.69,0.82,0.57,0.45,0.28,0.26,0.27,0.23,0.17,0.14,0.19,0.31,0.25,0.17,0.14,0.06,0.08,0.09,0.08,0.07,0.06,0.06,0.06,0.05,0.06,0.05,0.05,0.03,0.02,0.08,Slovenia,SI,705.0,46.0,15.0
SWE,Sweden,Climate Watch,Bunker Fuels,All GHG,MtCO₂e,9.13,9.17,8.51,10.17,8.88,8.04,7.71,7.54,7.57,7.78,8.4,8.99,8.93,8.65,8.71,8.15,8.01,6.74,5.47,6.62,6.47,6.93,6.95,6.08,5.37,5.15,5.17,4.6,4.05,3.63,3.23,Sweden,SE,752.0,62.0,15.0
SWZ,Eswatini,Climate Watch,Bunker Fuels,All GHG,MtCO₂e,0.0,0.01,0.01,0.01,0.0,0.0,0.0,0.0,0.0,0.0,0.0,0.0,0.0,0.0,0.0,0.0,0.0,0.0,0.0,0.0,0.0,0.0,0.0,0.0,0.0,0.0,0.0,0.0,0.0,0.0,0.0,Swaziland,SZ,748.0,-26.5,31.5
SYC,Seychelles,Climate Watch,Bunker Fuels,All GHG,MtCO₂e,0.49,0.49,0.54,0.68,0.61,0.6,0.57,0.58,0.6,0.56,0.58,0.6,0.62,0.55,0.78,0.71,0.82,0.51,0.51,0.64,0.61,0.56,0.44,0.41,0.35,0.34,0.34,0.34,0.34,0.33,0.34,Seychelles,SC,690.0,-4.5833,55.6667
SYR,Syria,Climate Watch,Bunker Fuels,All GHG,MtCO₂e,0.87,0.92,0.89,0.87,0.87,0.93,0.97,1.1,1.53,3.16,3.6,3.61,3.4,3.46,3.84,3.57,3.97,3.72,3.97,3.89,4.18,4.14,4.15,4.04,3.97,4.13,4.13,4.02,4.1,3.94,3.76,Syrian Arab Republic,SY,760.0,35.0,38.0
TCD,Chad,Climate Watch,Bunker Fuels,All GHG,MtCO₂e,0.08,0.08,0.09,0.08,0.08,0.07,0.06,0.06,0.06,0.06,0.06,0.06,0.06,0.06,0.06,0.06,0.06,0.06,0.06,0.06,0.06,0.06,0.06,0.06,0.06,0.06,0.06,0.06,0.05,0.05,0.05,Chad,TD,148.0,15.0,19.0
TGO,Togo,Climate Watch,Bunker Fuels,All GHG,MtCO₂e,0.17,0.19,0.2,0.24,0.17,0.1,0.26,0.27,0.27,0.25,0.27,0.25,0.2,0.1,0.12,0.16,0.14,0.11,0.05,0.05,0.05,0.04,0.18,0.14,0.15,0.13,0.08,0.04,0.08,0.09,0.11,Togo,TG,768.0,8.0,1.1667
THA,Thailand,Climate Watch,Bunker Fuels,All GHG,MtCO₂e,7.81,18.55,19.02,17.2,16.8,15.76,14.71,14.26,13.4,14.26,14.59,14.34,15.22,15.82,14.85,14.43,13.69,11.85,10.97,10.54,9.85,9.71,8.97,10.25,9.58,9.95,9.83,8.7,8.5,7.01,6.77,Thailand,TH,764.0,15.0,100.0
TJK,Tajikistan,Climate Watch,Bunker Fuels,All GHG,MtCO₂e,0.08,0.13,0.09,0.06,0.1,0.14,0.19,0.11,0.1,0.1,0.09,0.08,0.08,0.07,0.06,0.03,0.02,0.01,0.02,0.01,0.01,0.02,0.02,0.02,0.02,0.02,0.02,0.05,0.05,0.05,0.05,Tajikistan,TJ,762.0,39.0,71.0
TKM,Turkmenistan,Climate Watch,Bunker Fuels,All GHG,MtCO₂e,0.5,0.93,1.15,1.08,1.09,1.46,1.46,1.41,1.29,1.49,1.64,1.49,1.43,1.36,1.27,1.36,1.3,1.3,1.14,1.0,0.99,1.01,0.93,0.79,0.7,0.62,0.67,0.68,0.93,1.04,0.77,Turkmenistan,TM,795.0,40.0,60.0
TLS,Timor-Leste,Climate Watch,Bunker Fuels,All GHG,MtCO₂e,0.01,0.01,0.01,0.01,0.01,0.01,0.01,0.01,0.01,0.01,0.01,0.01,0.01,0.01,0.01,0.01,0.01,0.01,0.01,0.0,0.0,0.0,0.0,0.0,0.0,0.0,0.0,0.0,0.0,0.0,0.0,Timor-Leste,TL,626.0,-8.55,125.5167
TON,Tonga,Climate Watch,Bunker Fuels,All GHG,MtCO₂e,0.01,0.01,0.01,0.02,0.01,0.02,0.01,0.0,0.01,0.01,0.01,0.0,0.0,0.0,0.01,0.01,0.0,0.0,0.0,0.0,0.0,0.01,0.01,0.01,0.01,0.01,0.0,0.0,0.01,0.01,0.02,Tonga,TO,776.0,-20.0,-175.0
TTO,Trinidad and Tobago,Climate Watch,Bunker Fuels,All GHG,MtCO₂e,0.52,0.75,1.92,2.37,3.01,2.36,2.09,2.55,1.93,2.16,1.95,2.6,2.66,2.72,2.68,2.73,3.23,2.21,2.15,1.58,1.55,1.34,0.23,0.22,0.2,0.34,0.32,0.34,0.37,0.29,0.31,Trinidad and Tobago,TT,780.0,11.0,-61.0
TUN,Tunisia,Climate Watch,Bunker Fuels,All GHG,MtCO₂e,0.34,0.97,0.92,0.81,0.68,0.64,0.87,0.92,0.92,0.77,0.8,0.64,0.83,0.75,0.72,0.72,0.77,0.68,0.73,0.88,0.93,1.05,1.0,0.94,0.84,0.82,0.87,0.76,0.68,0.52,0.65,Tunisia,TN,788.0,34.0,9.0
TUR,Türkiye,Climate Watch,Bunker Fuels,All GHG,MtCO₂e,7.37,16.16,14.4,13.42,13.13,13.48,11.11,6.95,3.7,3.99,4.85,5.17,6.04,6.17,6.09,6.65,6.1,4.69,4.29,2.31,2.85,2.38,2.01,1.85,1.38,1.38,1.13,1.27,1.14,1.13,0.92,Turkey,TR,792.0,39.0,35.0
TUV,Tuvalu,Climate Watch,Bunker Fuels,All GHG,MtCO₂e,0.0,0.0,0.0,0.0,0.0,0.0,0.0,0.0,0.0,0.0,0.0,0.0,0.0,0.0,0.0,0.0,0.0,0.0,0.0,0.0,0.0,0.0,0.0,0.0,0.0,0.0,0.0,0.0,0.0,0.0,0.0,Tuvalu,TV,798.0,-8.0,178.0
TZA,Tanzania,Climate Watch,Bunker Fuels,All GHG,MtCO₂e,0.24,0.42,0.44,0.47,0.57,0.51,0.61,0.6,0.41,0.74,0.4,0.33,0.31,0.3,0.28,0.26,0.35,0.33,0.3,0.28,0.26,0.26,0.25,0.26,0.26,0.27,0.23,0.22,0.28,0.29,0.31,"Tanzania, United Republic of",TZ,834.0,-6.0,35.0
UGA,Uganda,Climate Watch,Bunker Fuels,All GHG,MtCO₂e,0.18,0.35,0.35,0.32,0.32,0.33,0.48,0.43,0.43,0.39,0.27,0.26,0.25,0.24,0.12,0.12,0.12,0.12,0.12,0.11,0.11,0.1,0.09,0.05,0.06,0.06,0.06,0.06,0.06,0.05,0.05,Uganda,UG,800.0,1.0,32.0
UKR,Ukraine,Climate Watch,Bunker Fuels,All GHG,MtCO₂e,0.1,0.38,0.93,0.78,0.48,0.37,0.39,0.38,0.92,0.74,0.83,0.73,0.8,0.86,1.01,1.13,1.13,1.12,0.91,0.76,0.79,0.89,0.66,0.87,0.89,0.48,0.58,0.94,2.2,5.62,6.23,Ukraine,UA,804.0,49.0,32.0
URY,Uruguay,Climate Watch,Bunker Fuels,All GHG,MtCO₂e,0.45,0.81,0.79,0.64,0.77,0.85,0.93,0.95,1.19,1.49,1.68,1.82,1.62,1.26,0.95,1.25,1.2,1.1,1.16,1.23,1.04,0.9,0.85,0.9,0.97,1.23,0.6,1.0,0.65,0.46,0.38,Uruguay,UY,858.0,-33.0,-56.0
USA,United States,Climate Watch,Bunker Fuels,All GHG,MtCO₂e,97.07,150.17,140.92,149.62,138.12,125.64,120.07,119.43,120.51,147.01,150.21,142.47,155.53,169.67,159.8,152.93,142.56,124.23,140.13,115.36,148.92,141.82,127.68,127.93,135.9,139.2,131.41,133.74,145.37,138.41,132.08,United States,US,840.0,38.0,-97.0
UZB,Uzbekistan,Climate Watch,Bunker Fuels,All GHG,MtCO₂e,0.34,0.41,0.53,0.43,0.54,0.55,0.47,0.68,0.76,0.0,0.0,0.0,0.0,0.0,0.0,0.0,0.0,0.0,0.0,0.0,0.0,0.0,0.0,0.0,0.0,0.0,0.0,0.0,0.0,0.0,0.0,Uzbekistan,UZ,860.0,41.0,64.0
VCT,Saint Vincent and the Grenadines,Climate Watch,Bunker Fuels,All GHG,MtCO₂e,0.0,0.0,0.0,0.0,0.0,0.0,0.0,0.0,0.0,0.0,0.0,0.0,0.0,0.0,0.0,0.0,0.0,0.0,0.0,0.0,0.0,0.0,0.0,0.0,0.0,0.0,0.0,0.0,0.0,0.0,0.0,Saint Vincent and the Grenadines,VC,670.0,13.25,-61.2
VEN,Venezuela,Climate Watch,Bunker Fuels,All GHG,MtCO₂e,0.4,0.84,1.23,1.44,1.49,1.84,1.5,1.34,1.33,1.59,3.06,1.94,2.34,3.3,2.85,3.94,4.23,2.53,5.59,4.99,5.81,5.54,2.58,3.03,3.27,3.37,3.52,3.94,3.96,4.22,3.6,"Venezuela, Bolivarian Republic of",VE,862.0,8.0,-66.0
VNM,Vietnam,Climate Watch,Bunker Fuels,All GHG,MtCO₂e,1.5,4.99,4.0,3.45,3.02,2.77,2.26,2.28,2.09,2.03,2.55,2.12,1.97,1.8,1.72,1.65,1.65,1.19,1.09,0.96,0.77,0.62,0.42,0.3,0.36,0.35,0.16,0.15,0.11,0.1,0.09,Viet Nam,VN,704.0,16.0,106.0
VUT,Vanuatu,Climate Watch,Bunker Fuels,All GHG,MtCO₂e,0.03,0.04,0.04,0.04,0.03,0.03,0.04,0.03,0.03,0.03,0.03,0.03,0.03,0.03,0.03,0.03,0.03,0.03,0.01,0.01,0.01,0.01,0.01,0.01,0.01,0.01,0.01,0.0,0.0,0.0,0.0,Vanuatu,VU,548.0,-16.0,167.0
WSM,Samoa,Climate Watch,Bunker Fuels,All GHG,MtCO₂e,0.03,0.04,0.04,0.04,0.04,0.04,0.04,0.03,0.04,0.03,0.04,0.04,0.04,0.04,0.03,0.03,0.03,0.03,0.03,0.03,0.03,0.02,0.02,0.02,0.02,0.02,0.02,0.02,0.02,0.02,0.02,Samoa,WS,882.0,-13.5833,-172.3333
YEM,Yemen,Climate Watch,Bunker Fuels,All GHG,MtCO₂e,0.3,0.33,0.33,0.32,0.34,0.4,0.72,0.83,0.6,0.66,0.9,0.91,0.84,0.86,0.8,0.79,0.74,0.68,0.7,0.62,0.69,0.52,0.6,0.6,0.59,0.6,0.6,0.62,1.45,1.19,1.44,Yemen,YE,887.0,15.0,48.0
ZAF,South Africa,Climate Watch,Bunker Fuels,All GHG,MtCO₂e,10.04,12.97,12.97,13.82,13.32,14.94,14.78,14.77,14.75,14.67,14.22,11.48,12.64,11.04,10.67,10.89,9.98,11.12,10.74,11.53,11.53,13.32,12.11,10.39,12.36,12.12,10.07,9.32,9.92,7.79,7.19,South Africa,ZA,710.0,-29.0,24.0
ZMB,Zambia,Climate Watch,Bunker Fuels,All GHG,MtCO₂e,0.02,0.04,0.03,0.06,0.04,0.06,0.06,0.15,0.15,0.1,0.09,0.09,0.12,0.1,0.18,0.18,0.16,0.15,0.14,0.14,0.13,0.11,0.09,0.08,0.09,0.1,0.11,0.11,0.12,0.11,0.2,Zambia,ZM,894.0,-15.0,30.0
ZWE,Zimbabwe,Climate Watch,Bunker Fuels,All GHG,MtCO₂e,0.06,0.16,0.19,0.16,0.13,0.07,0.03,0.03,0.03,0.03,0.03,0.02,0.02,0.03,0.03,0.03,0.03,0.11,0.2,0.28,0.36,0.29,0.38,0.38,0.38,0.35,0.32,0.23,0.25,0.45,0.25,Zimbabwe,ZW,716.0,-20.0,30.0
