ISO,Country,Data source,Sector,Gas,Unit,2020,2019,2018,2017,2016,2015,2014,2013,2012,2011,2010,2009,2008,2007,2006,2005,2004,2003,2002,2001,2000,1999,1998,1997,1996,1995,1994,1993,1992,1991,1990
AFG,Afghanistan,Climate Watch,Industrial Processes,All GHG,MtCO₂e,1.38,1.21,1.08,0.91,0.79,0.6,0.52,0.47,0.39,0.31,0.25,0.22,0.2,0.18,0.15,0.13,0.12,0.12,0.11,0.1,0.1,0.12,0.11,0.1,0.08,0.07,0.06,0.06,0.06,0.06,0.05
AGO,Angola,Climate Watch,Industrial Processes,All GHG,MtCO₂e,1.56,1.43,1.47,1.4,1.87,2.36,2.28,1.83,1.39,0.97,0.76,0.85,0.83,0.67,0.65,0.61,0.38,0.36,0.31,0.29,0.15,0.14,0.19,0.16,0.14,0.1,0.11,0.11,0.13,0.12,0.11
ALB,Albania,Climate Watch,Industrial Processes,All GHG,MtCO₂e,1.2,1.16,1.18,1.28,1.17,1.27,1.36,1.44,1.35,1.28,1.14,0.86,0.73,0.69,0.46,0.42,0.45,0.45,0.14,0.13,0.22,0.16,0.13,0.12,0.15,0.13,0.1,0.17,0.19,0.42,0.52
AND,Andorra,Climate Watch,Industrial Processes,All GHG,MtCO₂e,0.07,0.07,0.07,0.07,0.06,0.06,0.06,0.06,0.06,0.06,0.06,0.05,0.05,0.05,0.05,0.04,0.04,0.04,0.04,0.03,0.03,0.02,0.02,0.01,0.01,0.0,0.0,0.0,0.0,0.0,0.0
ARE,United Arab Emirates,Climate Watch,Industrial Processes,All GHG,MtCO₂e,8.29,8.6,8.87,8.83,8.54,9.68,9.54,7.7,7.31,7.61,8.26,8.58,9.53,7.44,6.18,5.02,4.72,4.4,4.06,3.75,3.77,4.1,4.05,3.29,3.53,3.45,3.1,2.69,2.62,2.5,2.43
ARG,Argentina,Climate Watch,Industrial Processes,All GHG,MtCO₂e,28.78,28.24,27.29,26.11,24.61,23.97,22.95,22.4,21.22,20.83,19.63,17.3,15.52,13.56,11.37,8.88,7.92,7.08,6.11,6.44,6.31,6.41,5.99,5.46,4.26,4.0,4.35,4.23,4.13,4.0,3.8
ARM,Armenia,Climate Watch,Industrial Processes,All GHG,MtCO₂e,0.59,0.54,0.53,0.43,0.4,0.5,0.5,0.52,0.53,0.52,0.54,0.48,0.63,0.61,0.52,0.5,0.45,0.36,0.34,0.26,0.24,0.26,0.28,0.22,0.12,0.1,0.05,0.07,0.11,0.0,0.0
ATG,Antigua and Barbuda,Climate Watch,Industrial Processes,All GHG,MtCO₂e,0.51,0.49,0.46,0.44,0.41,0.39,0.38,0.37,0.36,0.35,0.34,0.31,0.27,0.23,0.2,0.16,0.15,0.13,0.11,0.1,0.08,0.07,0.05,0.04,0.03,0.02,0.01,0.01,0.01,0.0,0.0
AUS,Australia,Climate Watch,Industrial Processes,All GHG,MtCO₂e,16.41,17.05,17.37,17.86,18.19,17.92,17.25,16.79,17.36,16.92,16.7,15.83,15.2,13.98,12.87,13.42,12.34,11.68,10.68,10.05,8.57,8.17,8.54,7.63,7.73,7.69,8.45,9.91,10.3,10.37,10.81
AUT,Austria,Climate Watch,Industrial Processes,All GHG,MtCO₂e,3.29,3.37,3.56,3.57,3.72,3.69,3.6,3.53,3.53,3.46,3.54,3.59,4.28,4.2,3.98,3.78,4.0,4.43,4.2,4.1,4.07,3.93,3.96,4.28,4.13,3.99,4.34,4.29,4.15,4.78,4.69
AZE,Azerbaijan,Climate Watch,Industrial Processes,All GHG,MtCO₂e,1.53,1.6,1.56,1.39,1.16,1.26,1.32,1.1,1.02,0.81,0.95,0.93,1.06,1.09,1.04,0.98,0.94,0.72,0.63,0.43,0.22,0.19,0.2,0.26,0.2,0.17,0.26,0.31,0.39,0.0,0.0
BDI,Burundi,Climate Watch,Industrial Processes,All GHG,MtCO₂e,0.5,0.46,0.42,0.39,0.35,0.31,0.28,0.25,0.22,0.19,0.16,0.14,0.13,0.11,0.1,0.08,0.08,0.07,0.07,0.07,0.06,0.05,0.04,0.03,0.02,0.01,0.01,0.01,0.01,0.0,0.0
BEL,Belgium,Climate Watch,Industrial Processes,All GHG,MtCO₂e,5.23,5.65,5.6,5.58,5.96,5.83,6.25,6.07,6.27,6.2,7.08,6.79,6.83,6.72,7.22,7.85,7.72,7.59,8.16,8.23,8.64,8.55,8.69,8.44,8.38,8.1,7.68,7.07,6.84,6.7,6.5
BEN,Benin,Climate Watch,Industrial Processes,All GHG,MtCO₂e,1.54,1.47,1.39,1.13,1.04,0.96,0.89,0.81,0.76,0.69,0.62,0.57,0.49,0.48,0.46,0.42,0.4,0.34,0.33,0.16,0.15,0.13,0.1,0.16,0.12,0.11,0.09,0.1,0.09,0.08,0.07
BFA,Burkina Faso,Climate Watch,Industrial Processes,All GHG,MtCO₂e,2.19,2.3,1.97,1.74,1.58,1.37,0.92,0.91,0.85,0.74,0.66,0.61,0.53,0.32,0.28,0.23,0.22,0.21,0.2,0.2,0.21,0.22,0.13,0.11,0.08,0.05,0.03,0.02,0.02,0.01,0.0
BGD,Bangladesh,Climate Watch,Industrial Processes,All GHG,MtCO₂e,5.49,5.13,4.57,3.92,3.37,2.86,2.36,2.17,1.91,1.75,1.55,1.49,1.42,1.32,1.26,1.24,1.23,1.25,1.26,1.27,1.01,0.69,0.48,0.4,0.28,0.15,0.15,0.14,0.13,0.12,0.13
BGR,Bulgaria,Climate Watch,Industrial Processes,All GHG,MtCO₂e,2.24,2.41,2.59,2.7,2.75,2.49,2.18,2.03,1.98,1.82,1.78,1.93,3.14,3.02,2.39,2.77,2.45,2.12,2.01,2.15,2.11,1.73,1.85,2.71,3.44,3.43,2.43,2.06,2.12,2.46,3.86
BHR,Bahrain,Climate Watch,Industrial Processes,All GHG,MtCO₂e,4.13,3.85,3.87,3.53,3.19,2.76,2.63,2.41,2.2,1.97,1.72,1.46,1.28,1.18,1.09,1.0,0.99,0.88,0.84,0.83,0.81,0.75,0.68,0.57,0.48,0.39,0.36,0.28,0.25,0.2,0.18
BHS,Bahamas,Climate Watch,Industrial Processes,All GHG,MtCO₂e,0.09,0.08,0.08,0.08,0.07,0.07,0.07,0.07,0.06,0.06,0.06,0.06,0.05,0.05,0.04,0.04,0.03,0.03,0.02,0.02,0.02,0.01,0.01,0.01,0.01,0.01,0.01,0.01,0.01,0.01,0.01
BIH,Bosnia and Herzegovina,Climate Watch,Industrial Processes,All GHG,MtCO₂e,0.59,0.53,0.56,0.53,0.51,0.5,0.52,0.55,0.53,0.56,0.59,0.62,0.75,0.71,0.69,0.61,0.63,0.58,0.6,0.54,0.52,0.35,0.31,0.23,0.16,0.15,0.17,0.17,0.2,0.17,0.21
BLR,Belarus,Climate Watch,Industrial Processes,All GHG,MtCO₂e,2.82,2.79,2.67,2.74,2.71,2.79,3.17,2.87,2.7,2.46,2.51,2.36,2.31,2.11,2.05,1.94,1.77,1.63,1.44,1.28,1.31,1.34,1.35,1.24,1.04,0.97,1.04,1.26,1.33,0.42,0.43
BLZ,Belize,Climate Watch,Industrial Processes,All GHG,MtCO₂e,0.17,0.16,0.15,0.13,0.12,0.11,0.1,0.09,0.08,0.07,0.06,0.05,0.05,0.04,0.04,0.03,0.03,0.03,0.02,0.02,0.02,0.02,0.01,0.01,0.01,0.0,0.0,0.0,0.0,0.0,0.0
BOL,Bolivia,Climate Watch,Industrial Processes,All GHG,MtCO₂e,1.66,1.91,1.82,1.74,1.71,1.64,1.56,1.42,1.26,1.23,1.11,1.06,0.93,0.84,0.79,0.7,0.63,0.57,0.51,0.5,0.54,0.59,0.56,0.5,0.43,0.42,0.37,0.34,0.31,0.28,0.27
BRA,Brazil,Climate Watch,Industrial Processes,All GHG,MtCO₂e,34.28,31.53,30.55,29.86,31.64,33.88,35.65,35.33,33.62,31.4,29.79,26.88,26.93,24.71,28.66,26.22,25.68,23.0,24.34,23.41,25.25,26.59,25.31,22.89,22.23,21.59,19.93,20.13,18.56,20.29,18.24
BRB,Barbados,Climate Watch,Industrial Processes,All GHG,MtCO₂e,0.23,0.22,0.21,0.2,0.19,0.18,0.17,0.16,0.16,0.17,0.16,0.17,0.19,0.19,0.19,0.19,0.18,0.18,0.17,0.15,0.15,0.14,0.14,0.1,0.06,0.04,0.04,0.04,0.09,0.1,0.1
BRN,Brunei,Climate Watch,Industrial Processes,All GHG,MtCO₂e,0.65,0.58,0.5,0.43,0.35,0.28,0.25,0.22,0.19,0.16,0.13,0.12,0.1,0.09,0.08,0.07,0.07,0.06,0.06,0.05,0.05,0.04,0.04,0.03,0.02,0.01,0.01,0.01,0.01,0.01,0.01
BTN,Bhutan,Climate Watch,Industrial Processes,All GHG,MtCO₂e,0.37,0.5,0.53,0.48,0.5,0.42,0.37,0.31,0.28,0.29,0.12,0.11,0.1,0.1,0.1,0.09,0.09,0.08,0.08,0.08,0.08,0.08,0.08,0.08,0.08,0.07,0.06,0.05,0.06,0.06,0.06
BWA,Botswana,Climate Watch,Industrial Processes,All GHG,MtCO₂e,0.22,0.2,0.18,0.18,0.16,0.15,0.14,0.12,0.11,0.1,0.18,0.17,0.07,0.06,0.05,0.05,0.04,0.04,0.04,0.03,0.03,0.03,0.02,0.02,0.01,0.01,0.01,0.01,0.01,0.01,0.01
CAF,Central African Republic,Climate Watch,Industrial Processes,All GHG,MtCO₂e,0.04,0.04,0.04,0.03,0.03,0.03,0.03,0.03,0.03,0.03,0.02,0.02,0.02,0.02,0.01,0.01,0.01,0.01,0.01,0.01,0.0,0.0,0.0,0.0,0.0,0.0,0.0,0.0,0.0,0.0,0.0
CAN,Canada,Climate Watch,Industrial Processes,All GHG,MtCO₂e,21.83,22.2,21.88,21.63,20.77,20.05,18.78,18.76,19.21,18.04,17.36,17.1,20.26,19.94,20.34,22.15,22.59,20.09,20.04,19.22,20.42,20.31,23.57,26.77,27.6,27.13,27.16,24.94,26.75,28.49,29.1
CHE,Switzerland,Climate Watch,Industrial Processes,All GHG,MtCO₂e,3.43,3.44,3.4,3.38,3.35,3.36,3.52,3.48,3.44,3.5,3.48,3.34,3.41,3.37,3.25,3.17,3.02,2.8,2.77,2.74,2.64,2.39,2.34,2.21,2.32,2.46,2.42,2.19,2.42,2.58,2.93
CHL,Chile,Climate Watch,Industrial Processes,All GHG,MtCO₂e,4.43,4.19,3.87,3.85,3.85,3.56,3.56,3.62,3.67,3.63,3.6,3.33,3.25,2.95,2.56,2.44,2.49,2.42,2.4,2.34,2.35,2.13,2.14,1.79,1.64,1.51,1.54,1.35,1.16,1.0,0.96
CHN,China,Climate Watch,Industrial Processes,All GHG,MtCO₂e,1260.69,1220.29,1170.99,1133.39,1109.08,1078.98,1112.43,1058.98,1002.33,975.36,885.58,808.64,730.0,698.16,632.32,552.88,492.82,461.25,373.39,344.63,301.37,277.78,253.39,237.4,219.9,204.11,180.08,157.02,135.16,112.6,94.35
CIV,Côte d'Ivoire,Climate Watch,Industrial Processes,All GHG,MtCO₂e,3.99,3.7,3.4,3.11,2.82,2.52,2.27,2.02,1.78,1.53,1.28,1.15,1.03,0.9,0.77,0.65,0.62,0.6,0.57,0.54,0.52,0.43,0.35,0.27,0.19,0.11,0.09,0.07,0.04,0.02,0.0
CMR,Cameroon,Climate Watch,Industrial Processes,All GHG,MtCO₂e,60.28,59.79,59.58,59.24,58.92,58.44,58.09,57.94,57.68,57.44,57.19,57.14,57.01,56.98,56.83,56.75,56.76,56.72,56.72,56.73,56.7,56.63,56.54,56.44,56.27,56.32,56.32,0.67,0.69,0.68,0.74
COD,Democratic Republic of the Congo,Climate Watch,Industrial Processes,All GHG,MtCO₂e,2.87,2.81,2.5,2.27,1.84,1.72,1.54,1.44,1.27,1.14,1.0,0.91,0.81,0.78,0.7,0.63,0.56,0.52,0.47,0.43,0.39,0.34,0.28,0.23,0.23,0.18,0.14,0.12,0.12,0.14,0.22
COG,Republic of Congo,Climate Watch,Industrial Processes,All GHG,MtCO₂e,0.93,0.93,0.87,0.95,0.86,0.72,0.58,0.45,0.37,0.3,0.26,0.25,0.22,0.2,0.18,0.16,0.11,0.11,0.1,0.1,0.1,0.08,0.06,0.06,0.05,0.06,0.05,0.06,0.06,0.05,0.04
COK,Cook Islands,Climate Watch,Industrial Processes,All GHG,MtCO₂e,0.0,0.0,0.0,0.0,0.0,0.0,0.0,0.0,0.0,0.0,0.0,0.0,0.0,0.0,0.0,0.0,0.0,0.0,0.0,0.0,0.0,0.0,0.0,0.0,0.0,0.0,0.0,0.0,0.0,0.0,0.0
COL,Colombia,Climate Watch,Industrial Processes,All GHG,MtCO₂e,12.77,12.85,12.2,11.72,11.39,11.21,10.57,9.71,9.6,8.77,7.86,7.44,7.63,7.42,6.69,6.38,5.65,5.37,4.89,4.7,4.61,3.94,4.71,4.58,4.29,4.3,4.26,3.64,3.19,3.0,2.98
COM,Comoros,Climate Watch,Industrial Processes,All GHG,MtCO₂e,0.01,0.01,0.01,0.01,0.01,0.01,0.0,0.0,0.0,0.0,0.0,0.0,0.0,0.0,0.0,0.0,0.0,0.0,0.0,0.0,0.0,0.0,0.0,0.0,0.0,0.0,0.0,0.0,0.0,0.0,0.0
CPV,Cape Verde,Climate Watch,Industrial Processes,All GHG,MtCO₂e,0.02,0.02,0.02,0.01,0.01,0.01,0.01,0.01,0.01,0.01,0.01,0.01,0.01,0.01,0.0,0.0,0.0,0.0,0.0,0.0,0.0,0.0,0.0,0.0,0.0,0.0,0.0,0.0,0.0,0.0,0.0
CRI,Costa Rica,Climate Watch,Industrial Processes,All GHG,MtCO₂e,1.44,1.48,1.47,1.42,1.3,1.39,1.3,1.23,1.16,1.1,1.01,1.3,1.27,1.33,0.95,1.17,0.95,0.79,0.81,0.8,0.72,0.73,0.7,0.62,0.56,0.41,0.44,0.4,0.33,0.33,0.29
CUB,Cuba,Climate Watch,Industrial Processes,All GHG,MtCO₂e,1.13,1.26,1.31,1.19,1.18,1.14,1.15,1.32,1.32,1.27,1.22,1.3,1.33,1.4,1.35,1.26,1.12,1.1,1.15,0.95,0.95,1.03,0.98,1.05,0.82,0.81,0.68,0.86,1.13,1.69,2.58
CYP,Cyprus,Climate Watch,Industrial Processes,All GHG,MtCO₂e,1.16,1.09,1.17,1.26,1.24,1.24,1.32,1.09,0.84,0.86,0.84,0.93,1.05,1.01,1.0,0.93,0.94,0.86,0.87,0.83,0.84,0.81,0.8,0.83,0.86,0.8,0.83,0.79,0.73,0.67,0.71
CZE,Czech Republic,Climate Watch,Industrial Processes,All GHG,MtCO₂e,4.71,5.01,5.11,5.19,5.38,5.12,4.81,4.42,4.65,4.64,4.21,4.17,4.67,4.49,3.97,3.67,3.64,3.29,3.12,3.37,3.59,3.41,3.67,3.56,3.48,3.36,3.42,3.19,3.67,1.01,1.39
DEU,Germany,Climate Watch,Industrial Processes,All GHG,MtCO₂e,23.74,24.45,25.16,26.12,26.15,26.38,26.52,26.07,26.85,27.18,26.27,34.21,34.8,37.38,33.68,33.52,35.95,33.51,32.51,32.17,30.67,31.45,35.75,47.79,49.92,49.02,50.89,47.74,47.86,44.9,46.45
DJI,Djibouti,Climate Watch,Industrial Processes,All GHG,MtCO₂e,0.14,0.14,0.13,0.1,0.08,0.09,0.09,0.08,0.02,0.02,0.02,0.02,0.01,0.01,0.01,0.01,0.01,0.01,0.01,0.01,0.01,0.01,0.0,0.0,0.0,0.0,0.0,0.0,0.0,0.0,0.0
DMA,Dominica,Climate Watch,Industrial Processes,All GHG,MtCO₂e,0.0,0.0,0.0,0.0,0.0,0.0,0.0,0.0,0.0,0.0,0.0,0.0,0.0,0.0,0.0,0.0,0.0,0.0,0.0,0.0,0.0,0.0,0.0,0.0,0.0,0.0,0.0,0.0,0.0,0.0,0.0
DNK,Denmark,Climate Watch,Industrial Processes,All GHG,MtCO₂e,1.75,1.71,1.79,1.87,1.82,1.68,1.69,1.74,1.75,1.82,1.7,1.87,2.4,2.74,2.78,2.81,2.92,3.07,3.0,3.04,3.11,2.91,2.69,2.55,2.53,2.41,2.15,2.07,1.99,1.96,1.83
DOM,Dominican Republic,Climate Watch,Industrial Processes,All GHG,MtCO₂e,3.51,3.62,3.44,3.28,3.15,3.06,2.9,2.51,2.37,2.24,2.2,2.05,2.15,2.07,1.91,1.47,1.4,1.49,1.53,1.39,1.27,1.15,0.95,0.9,0.78,0.67,0.59,0.58,0.62,0.56,0.48
DZA,Algeria,Climate Watch,Industrial Processes,All GHG,MtCO₂e,17.73,18.59,17.96,18.01,16.76,15.43,14.41,13.41,13.19,13.05,12.49,12.01,10.93,9.9,9.0,7.68,6.66,5.55,5.32,4.78,4.55,4.12,4.07,3.82,3.49,3.58,3.23,3.56,3.73,3.86,4.05
ECU,Ecuador,Climate Watch,Industrial Processes,All GHG,MtCO₂e,2.94,3.1,3.14,3.03,2.92,2.98,3.22,3.18,2.87,2.7,2.5,2.48,2.55,2.13,1.99,1.79,1.7,1.53,1.49,1.45,1.39,1.15,1.27,1.38,1.42,1.22,1.02,0.99,1.05,1.07,1.05
EGY,Egypt,Climate Watch,Industrial Processes,All GHG,MtCO₂e,28.83,30.03,31.02,31.45,32.16,30.65,30.26,30.21,31.47,31.11,32.02,30.54,25.83,25.8,23.34,20.98,19.45,18.59,19.35,18.31,17.66,17.08,15.81,15.0,14.33,13.64,12.89,12.83,13.29,13.0,11.87
ERI,Eritrea,Climate Watch,Industrial Processes,All GHG,MtCO₂e,0.18,0.18,0.17,0.14,0.13,0.12,0.13,0.13,0.12,0.09,0.04,0.04,0.04,0.04,0.03,0.03,0.03,0.03,0.03,0.03,0.03,0.03,0.03,0.03,0.02,0.02,0.02,0.0,0.0,0.0,0.0
ESP,Spain,Climate Watch,Industrial Processes,All GHG,MtCO₂e,15.82,17.38,18.67,19.14,19.79,19.79,26.0,24.8,25.89,26.79,29.26,29.67,34.1,35.62,33.6,31.13,29.12,28.9,26.51,27.6,30.81,29.14,26.37,25.28,23.27,22.51,19.92,16.41,17.79,18.57,19.91
EST,Estonia,Climate Watch,Industrial Processes,All GHG,MtCO₂e,0.2,0.49,0.51,0.53,0.43,0.43,0.64,0.61,0.61,0.61,0.49,0.42,0.76,0.77,0.57,0.51,0.49,0.45,0.46,0.48,0.46,0.43,0.46,0.44,0.4,0.38,0.36,0.25,0.34,0.01,0.01
ETH,Ethiopia,Climate Watch,Industrial Processes,All GHG,MtCO₂e,4.55,4.46,4.36,4.15,3.86,3.42,2.57,2.16,1.72,1.11,0.9,0.89,0.92,0.82,0.85,0.76,0.66,0.58,0.48,0.47,0.46,0.35,0.38,0.36,0.32,0.27,0.21,0.16,0.14,0.13,0.15
FIN,Finland,Climate Watch,Industrial Processes,All GHG,MtCO₂e,1.84,1.95,2.07,2.17,2.22,2.19,2.17,2.19,2.14,2.14,2.13,2.57,3.53,3.3,3.17,3.25,3.02,2.78,2.66,2.56,2.58,2.39,2.29,2.25,2.1,2.02,1.9,1.75,1.81,2.05,2.44
FJI,Fiji,Climate Watch,Industrial Processes,All GHG,MtCO₂e,0.1,0.09,0.09,0.08,0.07,0.06,0.06,0.06,0.06,0.05,0.05,0.05,0.04,0.04,0.03,0.03,0.02,0.02,0.02,0.01,0.05,0.05,0.04,0.04,0.04,0.04,0.04,0.04,0.04,0.04,0.03
FRA,France,Climate Watch,Industrial Processes,All GHG,MtCO₂e,21.31,23.3,24.57,25.74,27.27,27.05,27.33,27.67,27.88,28.35,27.85,28.31,30.46,31.27,30.62,30.22,29.87,31.75,30.91,29.76,28.49,29.54,33.07,38.97,38.74,36.81,37.25,38.16,38.74,38.85,39.32
FSM,Micronesia,Climate Watch,Industrial Processes,All GHG,MtCO₂e,0.01,0.01,0.0,0.0,0.0,0.0,0.0,0.0,0.0,0.0,0.0,0.0,0.0,0.0,0.0,0.0,0.0,0.0,0.0,0.0,0.0,0.0,0.0,0.0,0.0,0.0,0.0,0.0,0.0,0.0,0.0
GAB,Gabon,Climate Watch,Industrial Processes,All GHG,MtCO₂e,1.72,1.62,1.49,1.33,1.21,1.04,0.94,0.84,0.76,0.68,0.58,0.54,0.49,0.44,0.41,0.36,0.35,0.34,0.32,0.31,0.28,0.24,0.22,0.19,0.15,0.11,0.09,0.08,0.07,0.06,0.05
GBR,United Kingdom,Climate Watch,Industrial Processes,All GHG,MtCO₂e,16.4,18.07,19.1,20.26,21.52,22.07,22.05,21.59,21.07,21.31,23.52,22.43,24.88,25.72,24.64,24.55,24.25,24.34,23.1,24.46,25.04,26.14,44.4,47.04,43.79,42.49,42.68,40.76,43.68,48.62,49.39
GEO,Georgia,Climate Watch,Industrial Processes,All GHG,MtCO₂e,2.05,2.13,1.87,1.9,1.81,1.8,1.71,1.67,1.6,1.55,1.27,1.22,1.01,0.96,0.91,0.82,0.72,0.53,0.52,0.51,0.67,0.6,0.48,0.38,0.32,0.26,0.34,0.51,0.68,0.57,0.66
GHA,Ghana,Climate Watch,Industrial Processes,All GHG,MtCO₂e,1.49,1.38,1.27,1.16,1.06,0.96,0.87,0.77,0.69,0.59,0.49,0.44,0.4,0.35,0.31,0.27,0.27,0.28,0.29,0.28,0.27,0.3,0.27,0.6,0.5,0.47,0.54,0.66,0.66,0.59,0.58
GIN,Guinea,Climate Watch,Industrial Processes,All GHG,MtCO₂e,1.57,1.46,1.34,1.23,1.11,1.0,0.9,0.8,0.7,0.6,0.51,0.46,0.41,0.36,0.31,0.26,0.25,0.24,0.23,0.22,0.2,0.17,0.14,0.11,0.08,0.04,0.04,0.03,0.02,0.01,0.0
GMB,Gambia,Climate Watch,Industrial Processes,All GHG,MtCO₂e,0.14,0.13,0.12,0.11,0.1,0.09,0.08,0.07,0.06,0.05,0.04,0.04,0.04,0.03,0.03,0.02,0.22,0.41,0.61,0.8,1.0,0.8,0.6,0.4,0.2,0.0,0.0,0.0,0.0,0.0,0.0
GNB,Guinea-Bissau,Climate Watch,Industrial Processes,All GHG,MtCO₂e,0.19,0.18,0.16,0.15,0.13,0.12,0.11,0.1,0.08,0.07,0.06,0.06,0.05,0.04,0.04,0.03,0.03,0.03,0.03,0.03,0.02,0.02,0.02,0.01,0.01,0.01,0.0,0.0,0.0,0.0,0.0
GNQ,Equatorial Guinea,Climate Watch,Industrial Processes,All GHG,MtCO₂e,0.38,0.35,0.32,0.3,0.27,0.24,0.22,0.19,0.17,0.15,0.12,0.11,0.1,0.09,0.07,0.06,0.06,0.06,0.05,0.05,0.05,0.04,0.03,0.03,0.02,0.01,0.01,0.01,0.0,0.0,0.0
GRC,Greece,Climate Watch,Industrial Processes,All GHG,MtCO₂e,7.59,8.41,8.92,9.63,10.17,9.65,9.87,9.58,8.7,7.78,9.23,9.64,11.49,11.92,12.13,12.6,12.02,11.86,12.22,12.19,12.8,14.06,13.15,12.69,12.36,11.57,9.69,9.04,8.26,8.33,8.34
GRD,Grenada,Climate Watch,Industrial Processes,All GHG,MtCO₂e,0.02,0.02,0.02,0.01,0.01,0.01,0.01,0.01,0.01,0.01,0.01,0.01,0.01,0.01,0.0,0.0,0.0,0.0,0.0,0.0,0.0,0.0,0.0,0.0,0.0,0.0,0.0,0.0,0.0,0.0,0.0
GTM,Guatemala,Climate Watch,Industrial Processes,All GHG,MtCO₂e,1.76,1.59,1.62,1.74,1.68,1.77,1.68,1.44,1.38,1.35,1.31,0.78,1.17,1.16,1.11,1.11,1.02,0.93,0.93,0.93,0.9,0.74,0.69,0.59,0.5,0.52,0.54,0.5,0.62,0.64,0.74
GUY,Guyana,Climate Watch,Industrial Processes,All GHG,MtCO₂e,0.26,0.25,0.25,0.24,0.23,0.1,0.06,0.05,0.05,0.04,0.03,0.03,0.03,0.02,0.02,0.02,0.02,0.02,0.02,0.02,0.01,0.01,0.01,0.01,0.01,0.0,0.0,0.0,0.0,0.0,0.0
HND,Honduras,Climate Watch,Industrial Processes,All GHG,MtCO₂e,2.08,2.12,2.1,2.08,1.86,1.71,1.56,1.5,1.48,1.29,1.13,1.11,1.07,1.02,0.94,0.79,0.78,0.72,0.69,0.71,0.69,0.54,0.48,0.51,0.45,0.33,0.29,0.33,0.3,0.31,0.29
HRV,Croatia,Climate Watch,Industrial Processes,All GHG,MtCO₂e,1.69,1.69,1.75,1.85,1.67,1.94,1.93,1.84,2.14,2.28,2.4,2.23,2.67,2.73,2.61,2.5,2.72,2.76,3.02,3.3,3.48,3.81,4.01,4.67,5.08,5.63,5.01,3.94,3.45,1.56,2.04
HTI,Haiti,Climate Watch,Industrial Processes,All GHG,MtCO₂e,0.4,0.37,0.35,0.32,0.3,0.28,0.27,0.22,0.2,0.18,0.27,0.25,0.24,0.22,0.21,0.2,0.19,0.18,0.17,0.13,0.03,0.03,0.02,0.02,0.01,0.01,0.01,0.05,0.09,0.11,0.09
HUN,Hungary,Climate Watch,Industrial Processes,All GHG,MtCO₂e,2.45,2.66,2.64,2.66,2.7,3.3,2.96,2.36,2.39,2.41,2.44,2.6,3.05,3.89,4.26,4.39,4.34,3.78,3.52,4.09,3.83,3.31,3.33,3.46,3.45,2.99,3.59,2.76,2.12,3.18,5.41
IDN,Indonesia,Climate Watch,Industrial Processes,All GHG,MtCO₂e,33.92,36.69,37.14,35.06,34.58,30.21,31.12,30.33,28.79,26.53,24.82,24.58,25.45,24.26,23.52,22.77,23.12,21.7,21.86,22.0,19.82,14.82,13.81,16.73,14.98,14.0,13.26,11.51,10.54,9.88,8.54
IND,India,Climate Watch,Industrial Processes,All GHG,MtCO₂e,149.37,168.55,162.24,142.62,143.31,135.89,133.32,124.45,115.99,106.23,100.08,94.85,86.35,80.97,77.08,71.39,67.2,62.51,60.7,58.29,57.48,55.06,48.46,45.8,41.42,37.39,34.29,31.9,30.06,29.0,26.45
IRL,Ireland,Climate Watch,Industrial Processes,All GHG,MtCO₂e,2.74,2.95,3.06,3.06,3.1,2.83,2.68,2.27,2.21,2.03,2.17,2.42,3.21,3.58,3.56,3.4,3.41,3.46,3.15,3.49,3.46,2.66,2.4,2.53,2.19,1.96,1.79,1.63,1.62,1.64,1.94
IRN,Iran,Climate Watch,Industrial Processes,All GHG,MtCO₂e,39.8,35.76,32.91,31.68,31.47,31.56,33.32,33.83,32.24,30.4,28.06,23.8,21.23,19.33,16.99,15.57,15.47,14.82,14.43,13.82,12.94,12.16,11.42,10.99,10.38,10.15,9.79,9.37,8.87,8.75,8.45
IRQ,Iraq,Climate Watch,Industrial Processes,All GHG,MtCO₂e,16.2,15.33,13.76,9.75,8.88,7.31,6.58,7.24,6.16,5.84,4.79,4.25,3.86,2.99,2.42,2.04,1.84,1.59,3.39,3.08,3.08,2.6,1.34,1.12,0.98,1.09,1.03,1.01,1.0,2.22,4.31
ISL,Iceland,Climate Watch,Industrial Processes,All GHG,MtCO₂e,0.33,0.32,0.31,0.3,0.29,0.32,0.29,0.28,0.28,0.25,0.34,0.33,0.57,0.48,0.53,0.16,0.16,0.17,0.18,0.22,0.27,0.32,0.32,0.18,0.1,0.12,0.1,0.14,0.24,0.47,0.56
ISR,Israel,Climate Watch,Industrial Processes,All GHG,MtCO₂e,14.72,14.55,14.15,13.71,13.06,12.65,12.5,12.16,12.03,11.82,11.38,10.48,10.37,9.9,9.2,8.52,8.06,7.67,7.36,7.1,7.18,6.58,5.77,4.57,3.79,3.29,2.79,2.63,2.36,2.15,1.83
ITA,Italy,Climate Watch,Industrial Processes,All GHG,MtCO₂e,18.66,20.62,21.56,22.61,23.68,24.06,23.83,23.85,24.47,26.42,26.57,26.43,28.43,30.29,29.64,33.66,33.34,31.14,30.13,29.74,28.0,26.17,24.79,23.83,23.17,24.91,22.21,22.95,25.3,25.78,26.01
JAM,Jamaica,Climate Watch,Industrial Processes,All GHG,MtCO₂e,0.74,0.67,0.63,0.65,0.67,0.67,0.64,0.57,0.52,0.49,0.47,0.52,0.42,0.39,0.42,0.38,0.41,0.4,0.35,0.34,0.34,0.3,0.31,0.28,0.3,0.29,0.25,0.25,0.26,0.21,0.24
JOR,Jordan,Climate Watch,Industrial Processes,All GHG,MtCO₂e,5.58,5.33,5.59,5.15,4.74,4.38,4.09,3.76,3.45,2.78,2.94,2.81,2.86,2.72,2.46,2.05,2.0,1.85,1.86,1.71,1.49,1.45,1.37,1.55,1.59,1.53,1.72,1.51,1.35,0.61,0.78
JPN,Japan,Climate Watch,Industrial Processes,All GHG,MtCO₂e,61.79,65.25,68.72,71.59,73.75,70.38,67.62,63.76,59.8,56.1,53.32,52.02,55.27,56.19,56.95,54.71,54.94,58.83,59.63,65.28,75.16,75.25,84.17,91.26,93.17,90.66,84.71,79.83,79.54,76.99,73.3
KAZ,Kazakhstan,Climate Watch,Industrial Processes,All GHG,MtCO₂e,6.15,5.43,5.46,5.31,4.95,4.84,4.55,4.43,3.7,2.47,2.33,1.91,1.92,1.28,0.95,0.63,0.62,0.21,0.22,0.39,0.19,0.04,0.07,0.06,0.02,0.11,0.18,0.37,0.72,0.03,0.03
KEN,Kenya,Climate Watch,Industrial Processes,All GHG,MtCO₂e,5.86,4.99,4.86,4.8,4.88,4.54,4.17,3.64,3.3,3.08,2.57,2.31,1.99,1.78,1.53,1.44,1.22,1.11,0.98,0.88,0.86,0.87,0.84,0.86,0.99,0.85,0.78,0.76,0.79,0.74,0.77
KGZ,Kyrgyzstan,Climate Watch,Industrial Processes,All GHG,MtCO₂e,1.02,1.06,1.07,0.84,0.77,0.86,0.99,0.91,0.76,0.65,0.53,0.37,0.58,0.64,0.6,0.52,0.47,0.41,0.32,0.29,0.27,0.24,0.37,0.34,0.28,0.17,0.19,0.29,0.47,0.0,0.0
KHM,Cambodia,Climate Watch,Industrial Processes,All GHG,MtCO₂e,6.44,6.29,4.15,3.01,2.01,1.11,0.92,0.86,0.79,0.68,0.56,0.52,0.53,0.19,0.12,0.1,0.09,0.09,0.08,0.08,0.07,0.06,0.05,0.04,0.03,0.02,0.01,0.01,0.01,0.0,0.0
KIR,Kiribati,Climate Watch,Industrial Processes,All GHG,MtCO₂e,0.0,0.0,0.0,0.0,0.0,0.0,0.0,0.0,0.0,0.0,0.0,0.0,0.0,0.0,0.0,0.0,0.0,0.0,0.0,0.0,0.0,0.0,0.0,0.0,0.0,0.0,0.0,0.0,0.0,0.0,0.0
KNA,Saint Kitts and Nevis,Climate Watch,Industrial Processes,All GHG,MtCO₂e,0.01,0.01,0.01,0.01,0.01,0.01,0.01,0.01,0.01,0.01,0.01,0.01,0.01,0.01,0.01,0.0,0.0,0.0,0.0,0.0,0.0,0.0,0.0,0.0,0.0,0.0,0.0,0.0,0.0,0.0,0.0
KOR,South Korea,Climate Watch,Industrial Processes,All GHG,MtCO₂e,81.51,80.63,77.46,76.17,73.55,69.72,68.18,66.41,64.89,63.42,61.89,59.26,58.9,57.23,60.02,58.14,61.2,58.66,52.81,50.02,47.51,43.54,39.75,43.83,39.19,36.24,33.72,30.56,26.21,21.26,17.16
KWT,Kuwait,Climate Watch,Industrial Processes,All GHG,MtCO₂e,21.19,19.71,17.88,16.22,14.78,12.81,11.51,10.38,8.97,7.73,6.45,5.91,5.57,4.88,4.31,3.73,3.77,3.35,3.11,2.71,2.67,2.43,2.07,2.0,1.67,1.32,0.86,0.58,0.51,0.25,0.5
LAO,Laos,Climate Watch,Industrial Processes,All GHG,MtCO₂e,2.51,2.13,1.96,1.61,1.39,1.25,0.91,0.88,0.62,0.54,0.5,0.42,0.18,0.18,0.18,0.12,0.12,0.12,0.11,0.05,0.05,0.04,0.04,0.04,0.04,0.01,0.01,0.01,0.01,0.0,0.0
LBN,Lebanon,Climate Watch,Industrial Processes,All GHG,MtCO₂e,4.1,4.32,4.7,4.63,4.43,4.27,4.3,4.04,3.7,3.7,3.51,3.39,3.08,2.94,2.6,3.25,3.08,2.75,2.09,2.08,1.99,1.64,1.59,1.04,0.93,0.56,0.23,0.25,0.17,0.12,0.13
LBR,Liberia,Climate Watch,Industrial Processes,All GHG,MtCO₂e,0.5,0.45,0.42,0.38,0.33,0.33,0.31,0.25,0.2,0.16,0.14,0.13,0.12,0.14,0.13,0.11,0.1,0.06,0.07,0.07,0.07,0.04,0.03,0.03,0.02,0.01,0.01,0.01,0.01,0.0,0.02
LBY,Libya,Climate Watch,Industrial Processes,All GHG,MtCO₂e,6.27,6.1,6.09,5.72,5.2,5.18,5.65,3.41,3.08,3.35,4.4,4.05,3.51,3.25,3.16,2.36,2.31,2.22,2.1,1.93,1.89,1.79,1.7,1.41,1.73,1.49,1.72,1.09,1.07,1.08,1.19
LCA,Saint Lucia,Climate Watch,Industrial Processes,All GHG,MtCO₂e,0.05,0.05,0.04,0.04,0.04,0.04,0.03,0.03,0.03,0.02,0.02,0.02,0.02,0.01,0.01,0.01,0.01,0.01,0.01,0.01,0.01,0.01,0.0,0.0,0.0,0.0,0.0,0.0,0.0,0.0,0.0
LIE,Liechtenstein,Climate Watch,Industrial Processes,All GHG,MtCO₂e,0.01,0.01,0.01,0.01,0.01,0.01,0.01,0.01,0.01,0.01,0.01,0.01,0.01,0.01,0.01,0.01,0.01,0.01,0.01,0.01,0.0,0.0,0.0,0.0,0.0,0.0,0.0,0.0,0.0,0.0,0.0
LKA,Sri Lanka,Climate Watch,Industrial Processes,All GHG,MtCO₂e,2.75,2.47,2.42,2.22,1.97,1.62,1.39,1.32,1.28,1.17,1.0,1.03,0.97,0.9,0.85,0.78,0.73,0.63,0.56,0.59,0.54,0.5,0.45,0.46,0.43,0.4,0.41,0.3,0.36,0.18,0.18
LSO,Lesotho,Climate Watch,Industrial Processes,All GHG,MtCO₂e,0.17,0.15,0.14,0.13,0.12,0.11,0.1,0.09,0.08,0.07,0.06,0.05,0.05,0.04,0.03,0.03,0.03,0.03,0.02,0.02,0.02,0.02,0.02,0.01,0.01,0.01,0.0,0.0,0.0,0.0,0.0
LTU,Lithuania,Climate Watch,Industrial Processes,All GHG,MtCO₂e,1.26,1.32,1.3,1.28,1.33,1.32,1.2,1.22,1.33,1.49,1.12,1.15,3.45,3.7,3.01,2.87,2.58,2.3,2.21,2.06,1.91,1.73,1.73,1.41,1.27,1.03,1.03,1.17,1.53,1.04,0.99
LUX,Luxembourg,Climate Watch,Industrial Processes,All GHG,MtCO₂e,0.45,0.45,0.43,0.43,0.42,0.4,0.43,0.44,0.44,0.45,0.43,0.42,0.44,0.46,0.46,0.46,0.47,0.43,0.49,0.47,0.53,0.5,0.48,0.47,0.46,0.46,0.51,0.46,0.54,0.52,0.55
LVA,Latvia,Climate Watch,Industrial Processes,All GHG,MtCO₂e,0.76,0.78,0.79,0.69,0.62,0.72,0.8,0.76,0.78,0.76,0.63,0.36,0.34,0.31,0.28,0.21,0.2,0.18,0.16,0.15,0.12,0.17,0.13,0.13,0.13,0.12,0.1,0.04,0.16,0.02,0.02
MAR,Morocco,Climate Watch,Industrial Processes,All GHG,MtCO₂e,5.07,5.55,5.4,5.54,5.65,5.66,5.57,6.46,6.21,5.55,5.7,5.91,5.74,5.26,4.7,4.57,4.58,4.34,4.27,4.19,3.41,3.19,3.16,3.09,2.83,2.76,2.76,2.78,2.8,2.57,1.9
MDA,Moldova,Climate Watch,Industrial Processes,All GHG,MtCO₂e,0.67,0.74,0.7,0.65,0.56,0.58,0.6,0.62,0.58,0.57,0.5,0.48,0.92,0.82,0.56,0.46,0.37,0.32,0.29,0.24,0.23,0.26,0.26,0.31,0.23,0.28,0.33,0.41,0.48,0.0,0.0
MDG,Madagascar,Climate Watch,Industrial Processes,All GHG,MtCO₂e,1.17,1.1,1.02,0.96,0.86,0.78,0.71,0.67,0.6,0.51,0.43,0.39,0.36,0.36,0.28,0.25,0.25,0.25,0.18,0.18,0.17,0.14,0.12,0.09,0.07,0.05,0.04,0.05,0.04,0.03,0.03
MDV,Maldives,Climate Watch,Industrial Processes,All GHG,MtCO₂e,0.39,0.35,0.3,0.26,0.21,0.17,0.15,0.13,0.11,0.09,0.07,0.06,0.05,0.05,0.04,0.03,0.03,0.03,0.03,0.03,0.03,0.02,0.02,0.01,0.01,0.01,0.0,0.0,0.0,0.0,0.0
MEX,Mexico,Climate Watch,Industrial Processes,All GHG,MtCO₂e,43.37,41.45,42.04,41.29,40.24,38.03,36.51,35.08,34.95,34.27,32.55,32.24,32.26,31.48,28.68,25.21,23.15,21.35,20.86,19.6,20.28,19.96,18.55,18.01,17.07,13.83,16.14,14.9,13.89,13.67,13.26
MHL,Marshall Islands,Climate Watch,Industrial Processes,All GHG,MtCO₂e,0.02,0.02,0.02,0.01,0.01,0.01,0.01,0.01,0.01,0.0,0.0,0.0,0.0,0.0,0.0,0.0,0.0,0.0,0.0,0.0,0.0,0.0,0.0,0.0,0.0,0.0,0.0,0.0,0.0,0.0,0.0
MKD,Macedonia,Climate Watch,Industrial Processes,All GHG,MtCO₂e,0.06,0.06,0.06,0.06,0.06,0.07,0.07,0.07,0.07,0.07,0.07,0.07,0.06,0.06,0.06,0.05,0.06,0.07,0.08,0.08,0.09,0.1,0.11,0.12,0.13,0.14,0.45,0.78,1.11,1.44,1.76
MLI,Mali,Climate Watch,Industrial Processes,All GHG,MtCO₂e,1.76,1.48,1.38,1.18,1.09,1.0,0.93,0.78,0.53,0.46,0.38,0.35,0.31,0.27,0.23,0.2,0.19,0.18,0.17,0.16,0.15,0.13,0.1,0.09,0.06,0.04,0.03,0.03,0.02,0.02,0.01
MLT,Malta,Climate Watch,Industrial Processes,All GHG,MtCO₂e,0.2,0.21,0.23,0.24,0.26,0.25,0.23,0.22,0.2,0.18,0.15,0.14,0.12,0.1,0.08,0.05,0.03,0.02,0.02,0.02,0.01,0.0,0.0,0.0,0.0,0.0,0.0,0.0,0.0,0.0,0.0
MMR,Myanmar,Climate Watch,Industrial Processes,All GHG,MtCO₂e,3.19,2.95,2.49,2.1,0.97,0.38,0.51,0.43,0.35,0.21,0.21,0.26,0.26,0.24,0.22,0.22,0.21,0.23,0.19,0.15,0.16,0.14,0.15,0.21,0.2,0.21,0.19,0.16,0.19,0.18,0.17
MNE,Montenegro,Climate Watch,Industrial Processes,All GHG,MtCO₂e,0.3,0.3,0.29,0.28,0.28,0.27,0.32,0.38,0.43,0.49,0.54,0.68,0.85,1.01,1.18,1.34,1.52,1.7,1.68,1.66,1.64,1.62,1.6,1.58,1.56,1.54,1.52,1.5,1.48,1.46,1.44
MNG,Mongolia,Climate Watch,Industrial Processes,All GHG,MtCO₂e,0.86,0.78,0.67,0.52,0.38,0.33,0.32,0.22,0.26,0.25,0.25,0.17,0.19,0.17,0.14,0.12,0.1,0.1,0.09,0.06,0.06,0.06,0.06,0.06,0.06,0.05,0.05,0.04,0.07,0.1,0.15
MOZ,Mozambique,Climate Watch,Industrial Processes,All GHG,MtCO₂e,2.03,1.95,1.78,1.71,1.7,1.32,1.25,1.14,1.06,0.95,0.88,0.87,0.9,0.9,0.92,0.91,0.83,0.75,0.61,0.42,0.32,0.26,0.22,0.18,0.13,0.04,0.04,0.02,0.02,0.04,0.04
MRT,Mauritania,Climate Watch,Industrial Processes,All GHG,MtCO₂e,0.04,0.04,0.03,0.03,0.03,0.02,0.02,0.02,0.02,0.02,0.02,0.02,0.02,0.01,0.01,0.01,0.01,0.01,0.01,0.0,0.0,0.0,0.0,0.0,0.0,0.0,0.0,0.0,0.0,0.0,0.0
MUS,Mauritius,Climate Watch,Industrial Processes,All GHG,MtCO₂e,0.56,0.53,0.49,0.45,0.41,0.37,0.35,0.33,0.3,0.28,0.26,0.24,0.23,0.22,0.2,0.19,0.19,0.18,0.17,0.15,0.26,0.16,0.14,0.13,0.11,0.1,0.1,0.09,0.09,0.08,0.08
MWI,Malawi,Climate Watch,Industrial Processes,All GHG,MtCO₂e,1.1,1.05,0.97,0.9,0.81,0.74,0.74,0.63,0.53,0.46,0.41,0.38,0.34,0.33,0.29,0.26,0.28,0.32,0.29,0.28,0.27,0.25,0.22,0.21,0.2,0.19,0.18,0.18,0.17,0.17,0.15
MYS,Malaysia,Climate Watch,Industrial Processes,All GHG,MtCO₂e,22.75,19.99,19.34,18.46,18.22,17.17,17.51,16.38,15.23,14.43,13.26,13.56,13.47,12.35,12.04,10.94,10.81,10.47,9.6,8.49,8.46,7.12,6.73,6.39,5.74,5.01,4.7,4.09,3.91,3.98,3.81
NAM,Namibia,Climate Watch,Industrial Processes,All GHG,MtCO₂e,0.82,0.85,0.79,0.68,0.52,0.56,0.51,0.46,0.39,0.29,0.12,0.11,0.1,0.09,0.08,0.07,0.07,0.06,0.06,0.05,0.05,0.04,0.03,0.03,0.02,0.01,0.01,0.01,0.01,0.01,0.0
NER,Niger,Climate Watch,Industrial Processes,All GHG,MtCO₂e,0.8,0.75,0.69,0.62,0.56,0.51,0.46,0.41,0.37,0.32,0.25,0.23,0.21,0.19,0.16,0.13,0.13,0.13,0.12,0.12,0.11,0.1,0.08,0.06,0.05,0.03,0.03,0.02,0.02,0.01,0.01
NGA,Nigeria,Climate Watch,Industrial Processes,All GHG,MtCO₂e,28.06,25.69,23.98,21.49,21.33,19.62,18.12,17.03,14.25,11.6,9.75,9.18,8.6,6.01,4.91,4.12,3.82,3.69,3.47,3.45,3.36,2.99,2.71,2.28,1.92,1.58,1.5,1.64,1.67,1.58,1.49
NIC,Nicaragua,Climate Watch,Industrial Processes,All GHG,MtCO₂e,0.91,0.89,0.89,0.88,0.84,0.77,0.71,0.65,0.59,0.58,0.5,0.45,0.42,0.4,0.38,0.35,0.34,0.49,0.34,0.32,0.32,0.23,0.22,0.21,0.19,0.16,0.15,0.13,0.13,0.11,0.1
NIU,Niue,Climate Watch,Industrial Processes,All GHG,MtCO₂e,0.0,0.0,0.0,0.0,0.0,0.0,0.0,0.0,0.0,0.0,0.0,0.0,0.0,0.0,0.0,0.0,0.0,0.0,0.0,0.0,0.0,0.0,0.0,0.0,0.0,0.0,0.0,0.0,0.0,0.0,0.0
NLD,Netherlands,Climate Watch,Industrial Processes,All GHG,MtCO₂e,2.85,3.04,3.43,3.68,3.8,3.82,3.76,3.87,3.86,3.98,4.23,4.05,4.21,7.81,8.8,8.64,8.72,8.49,10.55,9.75,13.05,14.33,20.34,19.37,18.96,17.04,17.99,16.74,15.5,14.48,15.56
NOR,Norway,Climate Watch,Industrial Processes,All GHG,MtCO₂e,3.09,3.02,2.97,2.94,2.8,2.64,2.73,2.64,2.63,2.68,2.68,2.84,3.69,4.1,4.16,4.57,4.42,4.42,5.23,5.24,5.36,5.5,5.19,5.11,5.23,5.4,5.47,5.66,5.27,7.93,8.67
NPL,Nepal,Climate Watch,Industrial Processes,All GHG,MtCO₂e,2.96,3.85,3.47,3.14,2.29,1.54,1.23,1.18,1.06,0.83,0.55,0.49,0.14,0.14,0.14,0.13,0.13,0.13,0.13,0.13,0.13,0.13,0.12,0.1,0.13,0.14,0.13,0.12,0.1,0.06,0.05
NRU,Nauru,Climate Watch,Industrial Processes,All GHG,MtCO₂e,0.0,0.0,0.0,0.0,0.0,0.0,0.0,0.0,0.0,0.0,0.0,0.0,0.0,0.0,0.0,0.0,0.0,0.0,0.0,0.0,0.0,0.0,0.0,0.0,0.0,0.0,0.0,0.0,0.0,0.0,0.0
NZL,New Zealand,Climate Watch,Industrial Processes,All GHG,MtCO₂e,2.21,2.19,2.15,2.13,2.12,2.42,2.32,2.22,2.13,2.05,1.88,1.83,1.82,1.77,1.55,1.46,1.38,1.41,1.31,1.1,1.06,1.06,0.92,1.07,1.08,0.92,0.86,0.85,1.09,1.5,1.51
OMN,Oman,Climate Watch,Industrial Processes,All GHG,MtCO₂e,5.35,4.86,4.56,4.14,4.19,3.8,3.56,3.62,3.55,3.03,2.7,2.4,2.26,2.12,1.86,1.4,1.37,1.32,1.02,0.88,0.81,0.76,0.76,0.69,0.64,0.56,0.56,0.47,0.45,0.45,0.44
PAK,Pakistan,Climate Watch,Industrial Processes,All GHG,MtCO₂e,31.74,27.93,26.47,24.04,21.81,18.78,17.61,16.71,15.48,14.45,13.97,14.14,12.63,11.54,9.73,8.25,7.11,6.57,5.68,5.6,5.07,4.8,4.37,4.26,4.08,3.8,3.59,3.66,3.42,3.39,3.26
PAN,Panama,Climate Watch,Industrial Processes,All GHG,MtCO₂e,1.64,1.79,1.81,1.84,1.74,1.68,1.68,1.67,1.56,1.27,1.08,1.11,1.13,0.78,0.73,0.69,0.67,0.6,0.52,0.54,0.58,0.47,0.44,0.4,0.35,0.31,0.3,0.28,0.13,0.15,0.14
PER,Peru,Climate Watch,Industrial Processes,All GHG,MtCO₂e,5.35,5.88,5.57,5.45,5.41,5.46,5.51,5.1,4.51,4.01,3.97,3.91,3.47,3.21,3.04,2.75,2.49,2.19,2.16,2.12,2.08,2.01,2.23,2.19,1.96,1.92,1.66,1.35,1.18,1.26,1.27
PHL,Philippines,Climate Watch,Industrial Processes,All GHG,MtCO₂e,20.13,20.67,19.4,17.49,15.08,14.22,12.63,11.65,10.61,8.97,8.37,7.78,7.07,6.84,6.36,7.49,6.6,6.47,6.58,4.57,5.93,6.07,6.11,6.78,5.71,4.8,4.37,3.66,3.09,3.19,2.94
PLW,Palau,Climate Watch,Industrial Processes,All GHG,MtCO₂e,0.02,0.02,0.01,0.01,0.01,0.01,0.01,0.01,0.0,0.0,0.0,0.0,0.0,0.0,0.0,0.0,0.0,0.0,0.0,0.0,0.0,0.0,0.0,0.0,0.0,0.0,0.0,0.0,0.0,0.0,0.0
PNG,Papua New Guinea,Climate Watch,Industrial Processes,All GHG,MtCO₂e,0.35,0.31,0.27,0.23,0.19,0.15,0.14,0.12,0.11,0.09,0.07,0.07,0.06,0.06,0.05,0.05,0.04,0.04,0.04,0.03,0.03,0.02,0.02,0.02,0.01,0.01,0.01,0.01,0.01,0.01,0.01
POL,Poland,Climate Watch,Industrial Processes,All GHG,MtCO₂e,15.24,15.81,16.34,16.25,16.35,16.1,16.17,15.1,15.47,16.02,14.34,13.18,17.05,17.8,15.97,14.19,13.21,11.94,10.82,11.22,11.71,10.46,10.49,11.07,10.63,10.9,10.47,8.95,8.87,8.77,9.19
PRK,North Korea,Climate Watch,Industrial Processes,All GHG,MtCO₂e,5.55,5.4,5.36,5.62,5.59,5.32,5.24,5.15,4.99,4.94,4.83,4.5,4.33,3.97,3.74,3.4,3.17,3.03,2.83,2.7,2.42,2.63,2.67,3.17,3.77,4.36,4.88,4.53,4.64,4.62,4.81
PRT,Portugal,Climate Watch,Industrial Processes,All GHG,MtCO₂e,4.62,4.75,5.0,5.51,5.5,5.98,6.01,5.6,5.16,5.28,5.89,5.54,6.37,6.34,5.91,5.84,5.63,5.06,5.2,4.78,4.9,4.8,4.46,4.37,4.11,4.15,3.81,3.76,3.77,3.89,3.82
PRY,Paraguay,Climate Watch,Industrial Processes,All GHG,MtCO₂e,2.12,2.02,1.91,1.76,1.77,1.61,1.4,1.25,1.2,1.0,0.93,0.88,0.77,0.68,0.64,0.57,0.53,0.53,0.47,0.46,0.48,0.44,0.41,0.4,0.37,0.35,0.31,0.25,0.25,0.16,0.16
QAT,Qatar,Climate Watch,Industrial Processes,All GHG,MtCO₂e,2.29,2.48,2.84,2.95,3.17,3.21,2.87,2.55,2.55,2.35,1.88,1.96,1.81,1.28,0.71,0.64,0.6,0.6,0.57,0.53,0.51,0.44,0.42,0.3,0.3,0.21,0.21,0.25,0.25,0.25,0.14
ROU,Romania,Climate Watch,Industrial Processes,All GHG,MtCO₂e,5.74,5.78,5.57,5.5,5.49,5.39,4.8,4.59,5.43,5.45,5.05,4.78,6.28,7.5,6.69,6.72,6.44,5.85,6.01,6.84,7.67,7.13,7.58,8.28,9.02,8.89,7.71,8.06,7.94,8.32,11.35
RUS,Russia,Climate Watch,Industrial Processes,All GHG,MtCO₂e,53.74,53.91,54.14,55.0,55.36,56.35,61.08,59.2,53.84,46.03,45.72,41.4,51.31,54.91,53.37,53.69,50.96,44.74,48.67,54.55,55.84,49.3,47.26,44.5,42.45,49.71,49.89,59.25,75.03,56.62,57.34
RWA,Rwanda,Climate Watch,Industrial Processes,All GHG,MtCO₂e,0.41,0.39,0.36,0.33,0.29,0.23,0.19,0.16,0.15,0.13,0.12,0.11,0.1,0.1,0.09,0.08,0.08,0.08,0.08,0.07,0.06,0.05,0.05,0.04,0.03,0.01,0.01,0.03,0.03,0.03,0.03
SAU,Saudi Arabia,Climate Watch,Industrial Processes,All GHG,MtCO₂e,114.02,105.76,99.01,90.61,88.21,81.73,76.59,69.64,61.47,53.11,46.45,43.21,38.97,32.35,28.13,24.84,24.36,23.52,22.45,20.51,18.64,16.33,14.62,12.98,12.02,10.25,9.48,9.24,8.86,6.56,6.47
SDN,Sudan,Climate Watch,Industrial Processes,All GHG,MtCO₂e,2.69,2.6,2.52,2.44,2.35,2.15,1.99,1.95,1.84,1.58,1.11,0.57,0.39,0.38,0.3,0.32,0.3,0.28,0.25,0.23,0.21,0.22,0.18,0.19,0.21,0.19,0.09,0.12,0.12,0.08,0.07
SEN,Senegal,Climate Watch,Industrial Processes,All GHG,MtCO₂e,4.54,4.32,3.66,3.44,3.29,2.95,2.94,2.95,2.61,2.5,2.16,1.82,1.67,1.64,1.5,1.35,1.24,0.96,0.93,0.87,0.78,0.6,0.57,0.47,0.42,0.34,0.32,0.27,0.27,0.22,0.2
SGP,Singapore,Climate Watch,Industrial Processes,All GHG,MtCO₂e,15.87,15.24,14.62,13.99,13.36,12.73,12.2,11.66,11.12,10.58,10.05,10.06,10.08,10.1,10.11,10.13,10.24,10.34,10.45,10.56,10.66,10.25,9.83,9.42,9.0,8.59,6.96,5.33,3.69,2.06,0.43
SLB,Solomon Islands,Climate Watch,Industrial Processes,All GHG,MtCO₂e,0.17,0.15,0.13,0.11,0.09,0.07,0.06,0.06,0.05,0.04,0.03,0.03,0.02,0.02,0.02,0.02,0.01,0.01,0.01,0.01,0.01,0.01,0.01,0.01,0.0,0.0,0.0,0.0,0.0,0.0,0.0
SLE,Sierra Leone,Climate Watch,Industrial Processes,All GHG,MtCO₂e,0.18,0.17,0.16,0.14,0.13,0.12,0.11,0.09,0.08,0.07,0.06,0.05,0.05,0.04,0.04,0.03,0.03,0.03,0.03,0.03,0.02,0.02,0.02,0.01,0.01,0.01,0.0,0.0,0.0,0.0,0.0
SLV,El Salvador,Climate Watch,Industrial Processes,All GHG,MtCO₂e,0.79,0.87,0.77,0.68,0.64,0.66,0.64,0.7,0.74,0.7,0.67,0.63,0.65,0.64,0.64,0.56,0.61,0.66,0.63,0.56,0.51,0.49,0.5,0.47,0.43,0.4,0.38,0.39,0.19,0.31,0.29
SOM,Somalia,Climate Watch,Industrial Processes,All GHG,MtCO₂e,0.31,0.29,0.28,0.26,0.25,0.23,0.22,0.22,0.21,0.21,0.2,0.18,0.16,0.14,0.11,0.09,0.08,0.07,0.06,0.05,0.04,0.1,0.16,0.22,0.28,0.34,0.28,0.21,0.15,0.07,0.02
SRB,Serbia,Climate Watch,Industrial Processes,All GHG,MtCO₂e,1.91,1.87,1.89,1.85,1.85,1.83,1.86,2.0,2.15,2.34,2.4,2.23,2.57,2.48,2.42,2.27,2.14,1.94,2.0,1.9,1.64,1.36,1.67,1.51,1.56,1.28,1.23,1.0,1.4,0.54,0.54
SSD,South Sudan,Climate Watch,Industrial Processes,All GHG,MtCO₂e,0.1,0.1,0.09,0.09,0.08,0.08,0.08,0.07,0.07,0.07,0.07,0.06,0.05,0.05,0.04,0.03,0.03,0.02,0.02,0.02,0.01,0.01,0.01,0.01,0.01,0.01,0.01,0.01,0.0,0.0,0.0
STP,Sao Tome and Principe,Climate Watch,Industrial Processes,All GHG,MtCO₂e,0.01,0.01,0.01,0.01,0.01,0.01,0.01,0.01,0.0,0.0,0.0,0.0,0.0,0.0,0.0,0.0,0.0,0.0,0.0,0.0,0.0,0.0,0.0,0.0,0.0,0.0,0.0,0.0,0.0,0.0,0.0
SUR,Suriname,Climate Watch,Industrial Processes,All GHG,MtCO₂e,0.14,0.13,0.11,0.1,0.09,0.1,0.1,0.11,0.1,0.08,0.06,0.06,0.06,0.06,0.06,0.05,0.05,0.05,0.05,0.05,0.05,0.06,0.08,0.1,0.12,0.13,0.15,0.16,0.17,0.18,0.19
SVK,Slovakia,Climate Watch,Industrial Processes,All GHG,MtCO₂e,2.14,2.15,2.14,2.2,2.22,2.28,2.18,2.07,2.15,2.39,2.45,2.9,3.48,3.38,3.42,2.95,2.93,2.4,2.47,2.57,2.37,2.75,3.0,2.57,2.52,2.46,2.28,1.79,2.33,1.13,1.47
SVN,Slovenia,Climate Watch,Industrial Processes,All GHG,MtCO₂e,0.82,0.85,0.84,0.83,0.79,0.8,0.82,0.78,0.71,0.67,0.68,0.73,0.89,0.92,0.9,0.85,0.8,0.75,0.71,0.75,0.73,0.68,0.67,0.65,0.63,0.6,0.57,0.47,0.56,0.19,0.26
SWE,Sweden,Climate Watch,Industrial Processes,All GHG,MtCO₂e,2.12,2.28,2.6,2.55,2.69,2.67,2.6,2.57,2.73,2.75,3.01,2.81,3.22,3.23,3.5,3.4,3.29,3.14,3.19,3.16,3.2,3.05,2.97,2.82,2.8,2.89,2.62,2.56,2.51,2.75,2.84
SWZ,Eswatini,Climate Watch,Industrial Processes,All GHG,MtCO₂e,0.1,0.1,0.09,0.08,0.08,0.07,0.06,0.06,0.05,0.04,0.04,0.04,0.03,0.03,0.03,0.02,0.02,0.02,0.02,0.02,0.02,0.01,0.01,0.01,0.01,0.01,0.01,0.01,0.01,0.01,0.0
SYC,Seychelles,Climate Watch,Industrial Processes,All GHG,MtCO₂e,0.07,0.07,0.06,0.06,0.05,0.05,0.04,0.04,0.03,0.03,0.02,0.02,0.02,0.02,0.02,0.01,0.01,0.01,0.01,0.01,0.01,0.01,0.01,0.01,0.0,0.0,0.0,0.0,0.0,0.0,0.0
SYR,Syria,Climate Watch,Industrial Processes,All GHG,MtCO₂e,3.87,3.58,3.17,3.05,3.05,2.73,2.65,3.32,3.94,3.54,3.85,3.37,3.24,2.99,2.66,2.42,2.36,2.31,2.19,2.24,2.02,2.22,2.02,2.12,1.98,1.97,1.97,1.96,1.61,1.51,1.5
TCD,Chad,Climate Watch,Industrial Processes,All GHG,MtCO₂e,0.96,0.92,0.85,0.78,0.68,0.61,0.55,0.49,0.42,0.32,0.27,0.24,0.21,0.19,0.16,0.14,0.13,0.12,0.12,0.11,0.11,0.09,0.07,0.06,0.04,0.02,0.02,0.01,0.01,0.01,0.0
TGO,Togo,Climate Watch,Industrial Processes,All GHG,MtCO₂e,1.86,1.84,1.6,1.54,1.52,1.45,1.01,0.98,1.05,1.01,0.87,0.84,0.73,0.83,0.88,0.95,0.91,0.89,0.64,0.53,0.45,0.73,0.46,0.17,0.46,0.43,0.34,0.4,0.38,0.41,0.41
THA,Thailand,Climate Watch,Industrial Processes,All GHG,MtCO₂e,93.56,85.7,77.63,69.32,61.75,50.48,46.68,42.36,38.69,34.65,31.42,30.43,30.0,31.38,29.42,27.24,24.93,23.83,25.75,23.14,20.64,20.6,16.98,22.22,19.41,16.58,14.39,12.89,8.88,6.45,6.74
TJK,Tajikistan,Climate Watch,Industrial Processes,All GHG,MtCO₂e,2.49,2.45,2.26,1.89,1.02,1.03,0.92,0.57,0.52,0.57,0.59,0.56,0.58,0.67,0.68,0.68,0.68,0.7,0.69,0.7,0.72,0.74,0.77,0.82,0.86,0.92,0.75,0.64,0.52,0.16,0.0
TKM,Turkmenistan,Climate Watch,Industrial Processes,All GHG,MtCO₂e,1.41,1.62,1.76,2.12,2.11,2.05,1.9,1.8,1.68,1.52,1.22,1.17,1.1,1.04,1.0,0.86,0.81,0.76,0.74,0.73,0.72,0.69,0.66,0.63,0.6,0.57,0.64,0.79,0.78,0.32,0.3
TLS,Timor-Leste,Climate Watch,Industrial Processes,All GHG,MtCO₂e,0.02,0.02,0.02,0.01,0.01,0.01,0.01,0.01,0.01,0.0,0.0,0.0,0.0,0.0,0.0,0.0,0.0,0.0,0.0,0.0,0.0,0.0,0.0,0.0,0.0,0.0,0.0,0.0,0.0,0.0,0.0
TON,Tonga,Climate Watch,Industrial Processes,All GHG,MtCO₂e,0.01,0.0,0.0,0.0,0.0,0.0,0.0,0.0,0.0,0.0,0.0,0.0,0.0,0.0,0.0,0.0,0.0,0.0,0.0,0.0,0.0,0.0,0.0,0.0,0.0,0.0,0.0,0.0,0.0,0.0,0.0
TTO,Trinidad and Tobago,Climate Watch,Industrial Processes,All GHG,MtCO₂e,4.25,4.01,3.75,3.5,3.27,3.06,2.8,2.53,2.22,2.03,1.76,1.65,1.55,1.39,1.25,1.03,1.02,0.98,0.93,0.86,0.84,0.74,0.66,0.57,0.47,0.37,0.36,0.32,0.28,0.27,0.23
TUN,Tunisia,Climate Watch,Industrial Processes,All GHG,MtCO₂e,5.35,5.85,5.81,5.4,5.58,6.08,5.75,4.75,5.23,4.34,5.17,4.8,4.76,4.43,4.3,4.11,4.07,3.73,3.7,3.53,3.48,2.98,2.75,2.57,2.56,2.67,2.43,2.25,2.1,2.1,1.72
TUR,Türkiye,Climate Watch,Industrial Processes,All GHG,MtCO₂e,51.14,42.05,48.48,47.91,45.34,42.82,43.15,41.8,39.1,38.38,36.33,31.83,29.21,27.21,25.35,22.45,20.25,18.75,18.05,17.32,17.42,16.84,17.58,17.34,16.81,16.24,15.37,14.94,15.52,14.33,12.76
TUV,Tuvalu,Climate Watch,Industrial Processes,All GHG,MtCO₂e,0.0,0.0,0.0,0.0,0.0,0.0,0.0,0.0,0.0,0.0,0.0,0.0,0.0,0.0,0.0,0.0,0.0,0.0,0.0,0.0,0.0,0.0,0.0,0.0,0.0,0.0,0.0,0.0,0.0,0.0,0.0
TZA,Tanzania,Climate Watch,Industrial Processes,All GHG,MtCO₂e,3.56,3.45,2.55,2.31,2.15,1.67,1.49,1.26,1.28,1.17,1.09,0.92,0.83,0.77,0.66,0.64,0.61,0.56,0.5,0.44,0.41,0.4,0.37,0.29,0.33,0.26,0.15,0.24,0.23,0.23,0.23
UGA,Uganda,Climate Watch,Industrial Processes,All GHG,MtCO₂e,0.55,0.48,0.4,0.4,0.39,0.37,0.41,0.38,0.45,0.41,0.34,0.22,0.2,0.16,0.18,0.18,0.16,0.15,0.15,0.13,0.11,0.11,0.1,0.09,0.08,0.03,0.02,0.02,0.02,0.02,0.01
UKR,Ukraine,Climate Watch,Industrial Processes,All GHG,MtCO₂e,9.74,9.52,9.16,8.84,8.79,8.3,8.34,8.45,8.35,9.14,7.24,6.16,11.05,11.29,9.6,8.74,7.82,7.33,6.34,5.56,5.37,5.28,5.44,5.49,5.01,6.04,8.18,10.28,13.4,5.41,6.23
URY,Uruguay,Climate Watch,Industrial Processes,All GHG,MtCO₂e,1.44,1.34,1.3,1.23,1.13,1.12,1.03,0.96,0.91,0.88,0.76,0.81,0.6,0.57,0.53,0.49,0.48,0.65,0.62,0.62,0.47,0.49,0.5,0.44,0.37,0.31,0.36,0.27,0.26,0.26,0.26
USA,United States,Climate Watch,Industrial Processes,All GHG,MtCO₂e,243.52,238.67,231.67,227.96,222.02,221.22,219.36,209.35,210.15,217.0,204.59,190.55,208.91,221.72,208.39,204.42,199.03,191.49,202.07,192.09,208.7,206.14,209.71,198.51,197.28,187.54,165.51,160.57,157.31,154.31,164.71
UZB,Uzbekistan,Climate Watch,Industrial Processes,All GHG,MtCO₂e,8.04,7.85,7.06,6.89,6.64,6.53,6.09,5.91,5.79,5.76,5.86,5.68,5.44,5.01,4.65,4.41,4.14,3.65,3.43,3.42,3.11,3.08,3.33,3.15,3.25,3.22,3.55,4.25,4.66,2.24,1.71
VCT,Saint Vincent and the Grenadines,Climate Watch,Industrial Processes,All GHG,MtCO₂e,0.0,0.0,0.0,0.0,0.0,0.0,0.0,0.0,0.0,0.0,0.0,0.0,0.0,0.0,0.0,0.0,0.0,0.0,0.0,0.0,0.0,0.0,0.0,0.0,0.0,0.0,0.0,0.0,0.0,0.0,0.0
VEN,Venezuela,Climate Watch,Industrial Processes,All GHG,MtCO₂e,11.86,11.15,10.9,11.66,11.22,11.59,11.37,11.59,11.31,10.95,10.61,10.22,9.61,8.96,9.57,6.67,6.27,7.37,7.01,7.71,7.61,7.85,7.88,8.14,8.15,8.49,8.52,8.85,9.1,9.35,9.22
VNM,Vietnam,Climate Watch,Industrial Processes,All GHG,MtCO₂e,68.87,64.36,56.48,48.59,41.69,38.18,36.19,33.43,30.84,30.56,25.72,21.0,16.93,15.44,13.45,12.98,11.23,10.22,9.05,7.28,6.26,5.0,4.61,3.79,3.1,2.69,2.19,1.95,1.86,1.4,1.16
VUT,Vanuatu,Climate Watch,Industrial Processes,All GHG,MtCO₂e,0.01,0.01,0.01,0.0,0.0,0.0,0.0,0.0,0.0,0.0,0.0,0.0,0.0,0.0,0.0,0.0,0.0,0.0,0.0,0.0,0.0,0.0,0.0,0.0,0.0,0.0,0.0,0.0,0.0,0.0,0.0
WORLD,World,Climate Watch,Industrial Processes,All GHG,MtCO₂e,3126.93,3064.2,2967.21,2858.25,2789.84,2692.99,2699.79,2576.95,2463.49,2380.64,2228.91,2092.61,2045.87,2001.98,1873.86,1742.17,1645.95,1564.71,1471.02,1418.63,1393.64,1334.72,1325.97,1321.72,1272.44,1220.88,1147.93,1039.53,1022.92,1007.48,1002.76
WSM,Samoa,Climate Watch,Industrial Processes,All GHG,MtCO₂e,0.01,0.01,0.01,0.01,0.01,0.01,0.01,0.01,0.0,0.0,0.0,0.0,0.0,0.0,0.0,0.0,0.0,0.0,0.0,0.0,0.0,0.0,0.0,0.0,0.0,0.0,0.0,0.0,0.0,0.0,0.0
YEM,Yemen,Climate Watch,Industrial Processes,All GHG,MtCO₂e,1.12,1.14,1.09,1.06,0.84,1.19,1.41,1.43,1.22,1.24,0.9,0.97,0.94,0.79,0.66,0.65,0.65,0.65,0.66,0.63,0.59,0.61,0.51,0.52,0.43,0.45,0.34,0.34,0.34,0.36,0.35
ZAF,South Africa,Climate Watch,Industrial Processes,All GHG,MtCO₂e,24.2,23.65,22.74,21.83,21.11,19.91,19.06,18.71,18.12,17.79,17.86,17.41,16.2,15.38,14.24,13.0,11.8,11.47,10.75,9.72,9.29,9.44,9.65,10.05,10.08,10.16,9.29,8.56,7.94,7.67,7.4
ZMB,Zambia,Climate Watch,Industrial Processes,All GHG,MtCO₂e,1.62,1.6,1.66,1.4,1.28,1.15,1.15,1.08,0.94,0.75,0.68,0.57,0.43,0.4,0.39,0.33,0.3,0.28,0.22,0.2,0.26,0.22,0.23,0.24,0.21,0.19,0.18,0.21,0.21,0.21,0.24
ZWE,Zimbabwe,Climate Watch,Industrial Processes,All GHG,MtCO₂e,1.9,1.81,1.83,1.68,1.6,1.66,1.52,1.43,1.48,1.24,1.11,1.05,0.91,0.89,0.98,0.92,0.87,0.82,0.89,0.96,1.03,1.01,1.04,1.02,0.96,0.92,0.97,0.47,0.43,0.42,0.36
